stage,dataset,method,cell,seed,mae,rmse,r2,raw_pvr
e8,nasa,GRU_direct,B0005,42,15.603599548339844,16.553486455075237,-2.0411624908447266,0.0
e8,nasa,GRU_direct_proj,B0005,42,15.667534325288093,16.62229432631485,-2.0664973063403442,0.0
e8,nasa,GRU_direct,B0006,42,21.128273010253906,24.134538573348312,-2.689765691757202,0.0
e8,nasa,GRU_direct_proj,B0006,42,21.11845493473247,24.130253896870542,-2.688455800865842,0.0
e8,nasa,GRU_direct,B0007,42,16.465438842773438,18.100213722948308,-4.089046955108643,0.0
e8,nasa,GRU_direct_proj,B0007,42,16.4654381615775,18.099354559388626,-4.088563327175706,0.0
e8,nasa,GRU_direct,B0018,42,20.691688537597656,21.964388375036833,-7.105583190917969,0.0
e8,nasa,GRU_direct_proj,B0018,42,20.691688999985207,21.961345298662007,-7.103337463972791,0.0
e8,nasa,Transformer_direct,B0005,42,4.56118106842041,5.341584776410834,0.6833343505859375,11.904761904761903
e8,nasa,Transformer_direct_proj,B0005,42,4.444364367975006,5.208688568750255,0.6988953694063889,11.904761904761903
e8,nasa,Transformer_direct,B0006,42,7.233326435089111,8.903271843076496,0.4978654980659485,2.380952380952381
e8,nasa,Transformer_direct_proj,B0006,42,7.199061264934345,8.85783460188049,0.5029776323806547,2.380952380952381
e8,nasa,Transformer_direct,B0007,42,3.189452648162842,3.738176525725851,0.7829355597496033,19.047619047619047
e8,nasa,Transformer_direct_proj,B0007,42,2.8505304322537546,3.3610244926140944,0.8245261670349463,19.047619047619047
e8,nasa,Transformer_direct,B0018,42,7.498935699462891,7.849342085365862,-0.035172104835510254,0.0
e8,nasa,Transformer_direct_proj,B0018,42,7.591602724043265,7.874541981220904,-0.0418294986833474,0.0
e8,nasa,GRU_direct,B0005,123,6.817657470703125,8.623243070035883,0.17471885681152344,45.83333333333333
e8,nasa,GRU_direct_proj,B0005,123,7.335764731721789,8.890598245656896,0.12275152365537956,45.83333333333333
e8,nasa,GRU_direct,B0006,123,17.339096069335938,19.21590584900062,-1.3390662670135498,56.547619047619044
e8,nasa,GRU_direct_proj,B0006,123,16.970743803311603,18.910426515038495,-1.2652881285060023,56.547619047619044
e8,nasa,GRU_direct,B0007,123,18.06319808959961,19.452877131954992,-4.878096580505371,78.57142857142857
e8,nasa,GRU_direct_proj,B0007,123,17.260460789062005,18.784745892795883,-4.481250588271515,78.57142857142857
e8,nasa,GRU_direct,B0018,123,20.452211380004883,21.545363718301584,-6.7992658615112305,76.51515151515152
e8,nasa,GRU_direct_proj,B0018,123,20.206553080910954,21.245759738890577,-6.583864701101584,76.51515151515152
e8,nasa,Transformer_direct,B0005,123,4.579931259155273,5.298908394733886,0.6883741617202759,22.61904761904762
e8,nasa,Transformer_direct_proj,B0005,123,3.939525832354949,4.703490591626321,0.7544718955959586,22.61904761904762
e8,nasa,Transformer_direct,B0006,123,7.170860767364502,8.803475595249433,0.5090591907501221,10.119047619047619
e8,nasa,Transformer_direct_proj,B0006,123,6.938689476391578,8.643171342372952,0.5267756911330264,10.119047619047619
e8,nasa,Transformer_direct,B0007,123,3.8819820880889893,4.526569764378664,0.6817213892936707,20.238095238095237
e8,nasa,Transformer_direct_proj,B0007,123,3.643258444609011,4.191485473793881,0.7270991182478266,20.238095238095237
e8,nasa,Transformer_direct,B0018,123,7.224547863006592,7.710697313334335,0.0010738968849182129,0.0
e8,nasa,Transformer_direct_proj,B0018,123,7.364597777697512,7.7451113953498725,-0.007862720611792273,0.0
e8,nasa,GRU_direct,B0005,2024,13.830665588378906,15.107490934918108,-1.5330593585968018,53.57142857142857
e8,nasa,GRU_direct_proj,B0005,2024,13.811934364440095,15.010620797926313,-1.500679070386913,53.57142857142857
e8,nasa,GRU_direct,B0006,2024,23.74683380126953,26.74692182566879,-3.531775951385498,84.52380952380952
e8,nasa,GRU_direct_proj,B0006,2024,22.61370467687697,25.73520374214993,-3.1954255839966352,84.52380952380952
e8,nasa,GRU_direct,B0007,2024,19.146291732788086,20.90436247785301,-5.788016319274902,96.42857142857143
e8,nasa,GRU_direct_proj,B0007,2024,17.778929937453498,19.5055732516538,-4.909985901511194,96.42857142857143
e8,nasa,GRU_direct,B0018,2024,23.39232063293457,24.737073200509062,-9.281172752380371,95.45454545454545
e8,nasa,GRU_direct_proj,B0018,2024,22.114961681943953,23.42200463778108,-8.217097253470847,95.45454545454545
e8,nasa,Transformer_direct,B0005,2024,5.400351047515869,6.250262140498682,0.5664320588111877,2.380952380952381
e8,nasa,Transformer_direct_proj,B0005,2024,5.228107371727997,6.190623966572947,0.5746665869849195,2.380952380952381
e8,nasa,Transformer_direct,B0006,2024,9.716544151306152,11.396109308577506,0.17731422185897827,1.7857142857142856
e8,nasa,Transformer_direct_proj,B0006,2024,9.73582120107376,11.358845665657148,0.18268551085076856,1.7857142857142856
e8,nasa,Transformer_direct,B0007,2024,3.0911643505096436,3.6976803699627965,0.7876130938529968,15.476190476190476
e8,nasa,Transformer_direct_proj,B0007,2024,2.835810862709072,3.4104252749108497,0.8193299833429474,15.476190476190476
e8,nasa,Transformer_direct,B0018,2024,9.948195457458496,10.27920651056376,-0.7752734422683716,2.272727272727273
e8,nasa,Transformer_direct_proj,B0018,2024,10.077989761042634,10.319284684855708,-0.7891437358918423,2.272727272727273
e8,nasa,GRU_direct,B0005,7,9.725733757019043,10.171196183906957,-0.14816606044769287,17.857142857142858
e8,nasa,GRU_direct_proj,B0005,7,9.781171776898487,10.230687519526134,-0.16163661234421434,17.857142857142858
e8,nasa,GRU_direct,B0006,7,19.240888595581055,21.355551276248992,-1.8889656066894531,11.904761904761903
e8,nasa,GRU_direct_proj,B0006,7,19.2458252876847,21.366661128939626,-1.891972274342943,11.904761904761903
e8,nasa,GRU_direct,B0007,7,15.928751945495605,17.192197511471228,-3.591259479522705,0.0
e8,nasa,GRU_direct_proj,B0007,7,15.934293347135881,17.197174479434146,-3.5939176226962095,0.0
e8,nasa,GRU_direct,B0018,7,20.210744857788086,21.065108593331015,-6.455443382263184,29.545454545454547
e8,nasa,GRU_direct_proj,B0018,7,20.198364834604863,21.069406735988682,-6.458485656080346,29.545454545454547
e8,nasa,Transformer_direct,B0005,7,4.049764156341553,4.6166378410531985,0.7634558081626892,26.190476190476193
e8,nasa,Transformer_direct_proj,B0005,7,3.302501764940606,3.799741689843841,0.8397607884738229,26.190476190476193
e8,nasa,Transformer_direct,B0006,7,4.231558799743652,5.638421724675096,0.7986109256744385,4.761904761904762
e8,nasa,Transformer_direct_proj,B0006,7,4.141781963027042,5.5179372084411655,0.8071257240483035,4.761904761904762
e8,nasa,Transformer_direct,B0007,7,3.099423408508301,3.6501390300034453,0.7930393218994141,52.38095238095239
e8,nasa,Transformer_direct_proj,B0007,7,1.9562805587487853,2.2715359972514912,0.9198491273487012,52.38095238095239
e8,nasa,Transformer_direct,B0018,7,4.943422317504883,5.76263201183777,0.44205957651138306,0.0
e8,nasa,Transformer_direct_proj,B0018,7,5.109757863216319,5.8134782591120056,0.43217024027574624,0.0
e8,nasa,GRU_direct,B0005,99,17.073808670043945,18.33809105376276,-2.732234477996826,0.0
e8,nasa,GRU_direct_proj,B0005,99,17.27379289789887,18.53614353548876,-2.8132863525262226,0.0
e8,nasa,GRU_direct,B0006,99,21.6900577545166,24.89804282711984,-2.926912307739258,0.0
e8,nasa,GRU_direct_proj,B0006,99,21.638134776172574,24.849861460426904,-2.911728860393539,0.0
e8,nasa,GRU_direct,B0007,99,16.75118064880371,18.637637772744885,-4.3957366943359375,0.0
e8,nasa,GRU_direct_proj,B0007,99,16.75118182954334,18.573613833639776,-4.358729458971088,0.0
e8,nasa,GRU_direct,B0018,99,20.974884033203125,22.388375317678467,-7.421534538269043,0.0
e8,nasa,GRU_direct_proj,B0018,99,20.974883744210917,22.342976781599294,-7.387414635516441,0.0
e8,nasa,Transformer_direct,B0005,99,5.620096206665039,6.603342030863046,0.5160636305809021,45.23809523809524
e8,nasa,Transformer_direct_proj,B0005,99,3.6881558637600813,4.647000527968488,0.7603341834252815,45.23809523809524
e8,nasa,Transformer_direct,B0006,99,4.41489315032959,5.5163940239384415,0.8072335720062256,21.428571428571427
e8,nasa,Transformer_direct_proj,B0006,99,4.387085621401215,5.4554626542536555,0.8114684774697518,21.428571428571427
e8,nasa,Transformer_direct,B0007,99,3.7463622093200684,4.5154304858489605,0.6832859516143799,46.42857142857143
e8,nasa,Transformer_direct_proj,B0007,99,2.9423194737094844,3.852162951940748,0.7694960837956861,46.42857142857143
e8,nasa,Transformer_direct,B0018,99,5.810871124267578,7.925273700404192,-0.05529677867889404,12.878787878787879
e8,nasa,Transformer_direct_proj,B0018,99,6.676762815378166,8.331809383389759,-0.16633872586247067,12.878787878787879
e8,nasa,GRU_direct,B0005,256,4.443456172943115,5.2713968129074535,0.6916016340255737,15.476190476190476
e8,nasa,GRU_direct_proj,B0005,256,4.516347347349999,5.359412783013092,0.6812170632925851,15.476190476190476
e8,nasa,GRU_direct,B0006,256,10.590398788452148,11.915477631120558,0.10061901807785034,0.0
e8,nasa,GRU_direct_proj,B0006,256,10.809220124837182,12.171199369809958,0.061600963100437944,0.0
e8,nasa,GRU_direct,B0007,256,10.472262382507324,11.400704318591941,-1.01898193359375,3.571428571428571
e8,nasa,GRU_direct_proj,B0007,256,10.597627444270747,11.520190419549612,-1.0615236597815811,3.571428571428571
e8,nasa,GRU_direct,B0018,256,13.562275886535645,14.614022071739226,-2.5882740020751953,0.0
e8,nasa,GRU_direct_proj,B0018,256,14.14292485253999,15.063828822814406,-2.812560890755658,0.0
e8,nasa,Transformer_direct,B0005,256,7.277063369750977,8.111479792932505,0.26976799964904785,0.0
e8,nasa,Transformer_direct_proj,B0005,256,7.327315710980325,8.07059909951254,0.27711002698928433,0.0
e8,nasa,Transformer_direct,B0006,256,12.280734062194824,14.000665376382843,-0.24170410633087158,0.0
e8,nasa,Transformer_direct_proj,B0006,256,12.300892888839718,13.964776048631448,-0.2353463923254111,0.0
e8,nasa,Transformer_direct,B0007,256,7.242560386657715,7.670060387961784,0.08616745471954346,1.7857142857142856
e8,nasa,Transformer_direct_proj,B0007,256,7.264641834351887,7.622545854954215,0.09745451210089817,1.7857142857142856
e8,nasa,Transformer_direct,B0018,256,12.956901550292969,13.18339467442288,-1.920119047164917,0.0
e8,nasa,Transformer_direct_proj,B0018,256,13.010721543763816,13.2005744358492,-1.9277346009958372,0.0
e8,nasa,GRU_direct,B0005,1234,12.522422790527344,12.957220849532305,-0.8633068799972534,4.761904761904762
e8,nasa,GRU_direct_proj,B0005,1234,12.585840655091493,13.021048294029407,-0.8817093848738444,4.761904761904762
e8,nasa,GRU_direct,B0006,1234,20.692073822021484,23.32427991796116,-2.4461746215820312,0.0
e8,nasa,GRU_direct_proj,B0006,1234,20.691043970536217,23.32157218117845,-2.445374610569849,0.0
e8,nasa,GRU_direct,B0007,1234,15.189799308776855,16.349582193151758,-3.1522393226623535,0.0
e8,nasa,GRU_direct_proj,B0007,1234,15.202365272995157,16.36450655361503,-3.159822856397473,0.0
e8,nasa,GRU_direct,B0018,1234,20.59133529663086,21.58933381827232,-6.831131935119629,0.0
e8,nasa,GRU_direct_proj,B0018,1234,20.599572950293293,21.598095389924474,-6.837489184960706,0.0
e8,nasa,Transformer_direct,B0005,1234,4.684595108032227,5.505765147517567,0.6635689735412598,41.66666666666667
e8,nasa,Transformer_direct_proj,B0005,1234,3.9021619074819784,4.73732604522463,0.7509266835418751,41.66666666666667
e8,nasa,Transformer_direct,B0006,1234,6.265533447265625,7.298685180146265,0.6625494956970215,13.095238095238097
e8,nasa,Transformer_direct_proj,B0006,1234,6.266146659281121,7.263719728352726,0.6657749802855129,13.095238095238097
e8,nasa,Transformer_direct,B0007,1234,2.725370168685913,3.608350203711795,0.7977510094642639,14.285714285714285
e8,nasa,Transformer_direct_proj,B0007,1234,2.6255350341817056,3.4157319639536743,0.8187672936811925,14.285714285714285
e8,nasa,Transformer_direct,B0018,1234,8.215129852294922,8.97605550610793,-0.3536834716796875,15.909090909090908
e8,nasa,Transformer_direct_proj,B0018,1234,8.262302955061541,8.9343994141142,-0.3411482036921716,15.909090909090908
e8,nasa,GRU_direct,B0005,2718,9.615716934204102,10.90009158034743,-0.31862401962280273,38.095238095238095
e8,nasa,GRU_direct_proj,B0005,2718,9.66877589405984,10.777731354244484,-0.28918534488729253,38.095238095238095
e8,nasa,GRU_direct,B0006,2718,21.012178421020508,23.120399141133195,-2.386190891265869,62.5
e8,nasa,GRU_direct_proj,B0006,2718,20.181598748500647,22.479460820631747,-2.2010509086623693,62.5
e8,nasa,GRU_direct,B0007,2718,18.991775512695312,20.514289899674583,-5.537052631378174,91.07142857142857
e8,nasa,GRU_direct_proj,B0007,2718,17.67549586731818,19.354028167423646,-4.818509472352586,91.07142857142857
e8,nasa,GRU_direct,B0018,2718,22.516620635986328,23.600044431482935,-8.357755661010742,75.75757575757575
e8,nasa,GRU_direct_proj,B0018,2718,21.462348265181948,22.594802757759794,-7.577547932924123,75.75757575757575
e8,nasa,Transformer_direct,B0005,2718,6.2730536460876465,6.691812141075489,0.5030094385147095,1.7857142857142856
e8,nasa,Transformer_direct_proj,B0005,2718,6.318164324425221,6.689186247633367,0.5033994136171944,1.7857142857142856
e8,nasa,Transformer_direct,B0006,2718,12.924399375915527,14.153629961563471,-0.26898491382598877,0.0
e8,nasa,Transformer_direct_proj,B0006,2718,12.956463279650325,14.16172279278549,-0.27043654688539887,0.0
e8,nasa,Transformer_direct,B0007,2718,11.496870994567871,11.975429812305407,-1.2276718616485596,0.0
e8,nasa,Transformer_direct_proj,B0007,2718,11.53122628410922,11.988455543645594,-1.232520638437573,0.0
e8,nasa,Transformer_direct,B0018,2718,14.840922355651855,15.180401183042726,-2.8717968463897705,0.0
e8,nasa,Transformer_direct_proj,B0018,2718,14.896081281252725,15.21530894910756,-2.889623765747464,0.0
e8,calce,GRU_direct,CS2_33,42,14.991070747375488,16.891634957663772,0.1661989688873291,57.505773672055426
e8,calce,GRU_direct_proj,CS2_33,42,6.636444715808193,8.931385253766143,0.7668922689545754,57.505773672055426
e8,calce,GRU_direct,CS2_34,42,12.068144798278809,14.311250457190576,-0.032735466957092285,64.51612903225806
e8,calce,GRU_direct_proj,CS2_34,42,3.990960608020121,5.422311017958249,0.8517472507249653,64.51612903225806
e8,calce,GRU_direct,CS2_35,42,14.212576866149902,16.16855057164651,-0.03587460517883301,56.54506437768241
e8,calce,GRU_direct_proj,CS2_35,42,5.479115231195535,7.73286285740368,0.7630560876051788,56.54506437768241
e8,calce,GRU_direct,CS2_36,42,14.917278289794922,17.026805612768356,0.06996947526931763,57.348406988694755
e8,calce,GRU_direct_proj,CS2_36,42,6.599727042648076,9.081779890756772,0.7354103665943265,57.348406988694755
e8,calce,GRU_direct,CS2_37,42,14.178997993469238,16.004440645062488,-0.025542378425598145,60.46287367405979
e8,calce,GRU_direct_proj,CS2_37,42,5.966709740899917,8.05806370681892,0.7400235959580219,60.46287367405979
e8,calce,GRU_direct,CS2_38,42,14.414859771728516,16.196370525920017,-0.0428011417388916,59.572490706319705
e8,calce,GRU_direct_proj,CS2_38,42,5.892278185543588,8.005482566543426,0.7452341740124915,59.572490706319705
e8,calce,Transformer_direct,CS2_33,42,18.79387855529785,20.896117715874954,-0.2759988307952881,66.74364896073904
e8,calce,Transformer_direct_proj,CS2_33,42,5.975833395595601,7.757888500765168,0.8241241950429689,66.74364896073904
e8,calce,Transformer_direct,CS2_34,42,17.549869537353516,20.12401204023947,-1.042034387588501,78.32258064516128
e8,calce,Transformer_direct_proj,CS2_34,42,3.9013163824284702,4.939775413122959,0.8769594354944031,78.32258064516128
e8,calce,Transformer_direct,CS2_35,42,18.468069076538086,20.55564288329857,-0.6742762327194214,71.78111587982833
e8,calce,Transformer_direct_proj,CS2_35,42,4.35279741746796,5.63605661838991,0.8741319124002247,71.78111587982833
e8,calce,Transformer_direct,CS2_36,42,18.805927276611328,20.944919831502027,-0.4073050022125244,68.65364850976363
e8,calce,Transformer_direct_proj,CS2_36,42,5.477280880877446,6.875261689250937,0.8483615463995142,68.65364850976363
e8,calce,Transformer_direct,CS2_37,42,18.12226104736328,20.029609124973426,-0.6062662601470947,71.55255544840887
e8,calce,Transformer_direct_proj,CS2_37,42,4.872622850875887,5.966473778390247,0.8574694333243381,71.55255544840887
e8,calce,Transformer_direct,CS2_38,42,18.392894744873047,20.322355631858585,-0.6417772769927979,70.91078066914498
e8,calce,Transformer_direct_proj,CS2_38,42,4.838772587429645,5.960361929936682,0.8587750583987863,70.91078066914498
e8,calce,GRU_direct,CS2_33,123,18.952280044555664,21.481472105021762,-0.34848809242248535,71.59353348729792
e8,calce,GRU_direct_proj,CS2_33,123,5.5581012529092995,7.300798141082504,0.8442386463040409,71.59353348729792
e8,calce,GRU_direct,CS2_34,123,18.096282958984375,20.97241579125051,-1.2178432941436768,86.96774193548387
e8,calce,GRU_direct_proj,CS2_34,123,3.6001161814274782,4.638532710671777,0.8915086398973825,86.96774193548387
e8,calce,GRU_direct,CS2_35,123,18.434595108032227,20.41147461352162,-0.6508733034133911,75.42918454935622
e8,calce,GRU_direct_proj,CS2_35,123,4.499776056317943,5.931577567430909,0.8605863276445684,75.42918454935622
e8,calce,GRU_direct,CS2_36,123,18.779659271240234,20.939882968404305,-0.4066283702850342,72.97019527235355
e8,calce,GRU_direct_proj,CS2_36,123,5.58133769028284,7.109710081444906,0.837843387355434,72.97019527235355
e8,calce,GRU_direct,CS2_37,123,18.097524642944336,19.90916950848473,-0.5870071649551392,75.50626808100289
e8,calce,GRU_direct_proj,CS2_37,123,5.013327113491736,6.245782958487418,0.8438124847208149,75.50626808100289
e8,calce,GRU_direct,CS2_38,123,18.399456024169922,20.236251873619732,-0.6278946399688721,73.60594795539033
e8,calce,GRU_direct_proj,CS2_38,123,4.986236474218018,6.257262199648353,0.8443551171215389,73.60594795539033
e8,calce,Transformer_direct,CS2_33,123,20.767871856689453,23.002698657066578,-0.5462390184402466,69.9769053117783
e8,calce,Transformer_direct_proj,CS2_33,123,5.698576046968234,7.26783678329479,0.8456419219404568,69.9769053117783
e8,calce,Transformer_direct,CS2_34,123,20.108736038208008,22.59179814139899,-1.5735673904418945,84.7741935483871
e8,calce,Transformer_direct_proj,CS2_34,123,3.843945457585714,4.755596165007807,0.8859635095969149,84.7741935483871
e8,calce,Transformer_direct,CS2_35,123,18.80286979675293,20.70669117281107,-0.6989727020263672,73.39055793991416
e8,calce,Transformer_direct_proj,CS2_35,123,4.428435601895329,5.811926938958002,0.8661540509204935,73.39055793991416
e8,calce,Transformer_direct,CS2_36,123,19.25570297241211,21.284902833300574,-0.453363299369812,70.40082219938336
e8,calce,Transformer_direct_proj,CS2_36,123,5.591411293378873,7.006865737730146,0.8425007564483866,70.40082219938336
e8,calce,Transformer_direct,CS2_37,123,18.399721145629883,20.129432711313473,-0.622316837310791,73.57762777242044
e8,calce,Transformer_direct_proj,CS2_37,123,4.9680116962352585,6.144329755177154,0.8488453297806615,73.57762777242044
e8,calce,Transformer_direct,CS2_38,123,18.74138832092285,20.51649667321854,-0.6732951402664185,72.39776951672863
e8,calce,Transformer_direct_proj,CS2_38,123,4.926325154828826,6.13935348783258,0.8501656394157585,72.39776951672863
e8,calce,GRU_direct,CS2_33,2024,15.135435104370117,17.706077713267874,0.08385586738586426,68.82217090069284
e8,calce,GRU_direct_proj,CS2_33,2024,5.962048508314874,8.355996724192904,0.7959598879692711,68.82217090069284
e8,calce,GRU_direct,CS2_34,2024,12.889849662780762,15.841195707563003,-0.26534759998321533,78.32258064516128
e8,calce,GRU_direct_proj,CS2_34,2024,3.5342831701750987,5.072615265922562,0.8702528713986686,78.32258064516128
e8,calce,GRU_direct,CS2_35,2024,15.838658332824707,17.643448933901873,-0.23347949981689453,68.45493562231759
e8,calce,GRU_direct_proj,CS2_35,2024,5.479817811465785,7.52388668460623,0.7756895888421135,68.45493562231759
e8,calce,GRU_direct,CS2_36,2024,16.24164581298828,18.43165045581623,-0.08983147144317627,67.52312435765673
e8,calce,GRU_direct_proj,CS2_36,2024,6.4638550220411375,8.759534706918975,0.7538539017178831,67.52312435765673
e8,calce,GRU_direct,CS2_37,2024,15.515704154968262,17.271512535492423,-0.19435477256774902,70.49180327868852
e8,calce,GRU_direct_proj,CS2_37,2024,5.990993976833315,7.880329204686711,0.7513655742042817,70.49180327868852
e8,calce,GRU_direct,CS2_38,2024,15.783763885498047,17.471920483195134,-0.21352136135101318,69.6096654275093
e8,calce,GRU_direct_proj,CS2_38,2024,5.858212593925827,7.796189532332225,0.7583810921667085,69.6096654275093
e8,calce,Transformer_direct,CS2_33,2024,18.008602142333984,19.890248333285474,-0.1561107635498047,64.43418013856814
e8,calce,Transformer_direct_proj,CS2_33,2024,6.489569751266075,8.621218356513467,0.78280175031403,64.43418013856814
e8,calce,Transformer_direct,CS2_34,2024,16.091169357299805,18.575102256195656,-0.7397881746292114,73.54838709677419
e8,calce,Transformer_direct_proj,CS2_34,2024,3.9821430806456273,5.266272411933664,0.8601570594847827,73.54838709677419
e8,calce,Transformer_direct,CS2_35,2024,17.669660568237305,19.410993847016343,-0.49300241470336914,70.81545064377683
e8,calce,Transformer_direct_proj,CS2_35,2024,4.74787478318663,6.3618745740763565,0.8396255631265734,70.81545064377683
e8,calce,Transformer_direct,CS2_36,2024,18.172903060913086,20.059238442049587,-0.2908022403717041,69.6813977389517
e8,calce,Transformer_direct_proj,CS2_36,2024,5.926613373232162,7.653846792146986,0.8120724681711857,69.6813977389517
e8,calce,Transformer_direct,CS2_37,2024,17.27712059020996,18.86716242881357,-0.4252326488494873,71.35969141755064
e8,calce,Transformer_direct_proj,CS2_37,2024,5.2984239644215005,6.7115040217842425,0.8196516186905904,71.35969141755064
e8,calce,Transformer_direct,CS2_38,2024,17.595869064331055,19.219597923368156,-0.46843504905700684,70.35315985130111
e8,calce,Transformer_direct_proj,CS2_38,2024,5.2232666832186725,6.673642980228723,0.822951570563945,70.35315985130111
e8,calce,GRU_direct,CS2_33,7,18.011428833007812,20.201906714766043,-0.19262456893920898,66.16628175519631
e8,calce,GRU_direct_proj,CS2_33,7,5.860038430363123,7.684411551278477,0.8274399477705883,66.16628175519631
e8,calce,GRU_direct,CS2_34,7,16.674575805664062,19.24406361387844,-0.867357611656189,79.09677419354838
e8,calce,GRU_direct_proj,CS2_34,7,3.78924791750563,4.869907130065598,0.8804153972737851,79.09677419354838
e8,calce,GRU_direct,CS2_35,7,17.54096031188965,19.467068766443035,-0.5016409158706665,69.74248927038627
e8,calce,GRU_direct_proj,CS2_35,7,4.751333958521935,6.363961254787835,0.8395203409558409,69.74248927038627
e8,calce,GRU_direct,CS2_36,7,18.10773468017578,20.14696370385312,-0.30211710929870605,68.85919835560124
e8,calce,GRU_direct_proj,CS2_36,7,5.897073723545145,7.623947071966633,0.8135378764831454,68.85919835560124
e8,calce,GRU_direct,CS2_37,7,17.31159210205078,19.07025088964853,-0.45608067512512207,71.55255544840887
e8,calce,GRU_direct_proj,CS2_37,7,5.301664864513062,6.7158019028546425,0.819420563453461,71.55255544840887
e8,calce,GRU_direct,CS2_38,7,17.608699798583984,19.35650421359946,-0.4894295930862427,69.33085501858736
e8,calce,GRU_direct_proj,CS2_38,7,5.265253839243156,6.725154330700761,0.82020788149559,69.33085501858736
e8,calce,Transformer_direct,CS2_33,7,14.795907020568848,16.283839277973097,0.22512322664260864,62.355658198614314
e8,calce,Transformer_direct_proj,CS2_33,7,7.065289689781221,9.479235764472863,0.7374175589938924,62.355658198614314
e8,calce,Transformer_direct,CS2_34,7,12.591486930847168,14.596329716285647,-0.07428932189941406,69.03225806451613
e8,calce,Transformer_direct_proj,CS2_34,7,4.249270416019118,5.738214264347466,0.8339696711518916,69.03225806451613
e8,calce,Transformer_direct,CS2_35,7,14.97698974609375,16.55277482019395,-0.08569180965423584,64.05579399141631
e8,calce,Transformer_direct_proj,CS2_35,7,5.1320810286926895,7.125154131202138,0.7988345162021514,64.05579399141631
e8,calce,Transformer_direct,CS2_36,7,15.721697807312012,17.380225404390526,0.0309600830078125,65.15930113052416
e8,calce,Transformer_direct_proj,CS2_36,7,6.399329360834107,8.436284797549357,0.7716855779585599,65.15930113052416
e8,calce,Transformer_direct,CS2_37,7,14.76859188079834,16.20151363883798,-0.05095410346984863,68.6595949855352
e8,calce,Transformer_direct_proj,CS2_37,7,5.660140367231761,7.411127844602995,0.7800919389649283,68.6595949855352
e8,calce,Transformer_direct,CS2_38,7,15.272356033325195,16.638117842232976,-0.10046064853668213,67.19330855018588
e8,calce,Transformer_direct_proj,CS2_38,7,5.625065656016769,7.351112820819963,0.7851811853789611,67.19330855018588
e8,calce,GRU_direct,CS2_33,99,16.000947952270508,18.311636738398413,0.020118892192840576,56.35103926096998
e8,calce,GRU_direct_proj,CS2_33,99,6.520476331907023,8.981781430052346,0.7642541827387065,56.35103926096998
e8,calce,GRU_direct,CS2_34,99,12.748875617980957,15.440539103371176,-0.20215046405792236,62.967741935483865
e8,calce,GRU_direct_proj,CS2_34,99,3.8261743746044785,5.441284586996066,0.8507079133876527,62.967741935483865
e8,calce,GRU_direct,CS2_35,99,15.306190490722656,17.151741922515114,-0.1656855344772339,58.690987124463526
e8,calce,GRU_direct_proj,CS2_35,99,5.709461774654422,8.059976443956867,0.7425858097227844,58.690987124463526
e8,calce,GRU_direct,CS2_36,99,15.931984901428223,18.17892704952289,-0.06015002727508545,57.348406988694755
e8,calce,GRU_direct_proj,CS2_36,99,6.760109449339576,9.37279173118326,0.7181819442891029,57.348406988694755
e8,calce,GRU_direct,CS2_37,99,14.980742454528809,16.892638531983856,-0.14252984523773193,59.40212150433945
e8,calce,GRU_direct_proj,CS2_37,99,6.177612493777544,8.39123781052984,0.7180808366865716,59.40212150433945
e8,calce,GRU_direct,CS2_38,99,15.191384315490723,16.949491077986217,-0.1420351266860962,61.52416356877324
e8,calce,GRU_direct_proj,CS2_38,99,6.11901356490949,8.35319769837563,0.7226222251650307,61.52416356877324
e8,calce,Transformer_direct,CS2_33,99,19.45326042175293,21.928293062185524,-0.4051694869995117,69.63048498845265
e8,calce,Transformer_direct_proj,CS2_33,99,5.62095619382541,7.275218140034842,0.845328224575454,69.63048498845265
e8,calce,Transformer_direct,CS2_34,99,18.72054100036621,21.478933970106326,-1.3262660503387451,83.61290322580646
e8,calce,Transformer_direct_proj,CS2_34,99,3.7292380085510985,4.731920446014821,0.8870961436966566,83.61290322580646
e8,calce,Transformer_direct,CS2_35,99,18.011966705322266,19.91471378642717,-0.5714954137802124,74.0343347639485
e8,calce,Transformer_direct_proj,CS2_35,99,4.601364966877722,6.061672360867343,0.8544038616096923,74.0343347639485
e8,calce,Transformer_direct,CS2_36,99,18.461084365844727,20.537145688418917,-0.3530411720275879,70.60637204522097
e8,calce,Transformer_direct_proj,CS2_36,99,5.6821735673040425,7.229943041841402,0.8323125222426069,70.60637204522097
e8,calce,Transformer_direct,CS2_37,99,17.635961532592773,19.36517439239954,-0.5014656782150269,73.57762777242044
e8,calce,Transformer_direct_proj,CS2_37,99,5.116934690450858,6.358425999933695,0.8381279816959903,73.57762777242044
e8,calce,Transformer_direct,CS2_38,99,17.986459732055664,19.770301910858226,-0.5537915229797363,72.39776951672863
e8,calce,Transformer_direct_proj,CS2_38,99,5.056009202239127,6.362328919496262,0.8390843163931415,72.39776951672863
e8,calce,GRU_direct,CS2_33,256,19.62866973876953,22.090159770617465,-0.4259909391403198,67.32101616628175
e8,calce,GRU_direct_proj,CS2_33,256,5.446583703515604,6.7792920054621675,0.865696381867126,67.32101616628175
e8,calce,GRU_direct,CS2_34,256,19.05042266845703,21.71481177761183,-1.3776400089263916,81.54838709677419
e8,calce,GRU_direct_proj,CS2_34,256,3.7652757053378587,4.5909137546784144,0.8937247402932653,81.54838709677419
e8,calce,GRU_direct,CS2_35,256,18.134506225585938,20.25071432478525,-0.6249712705612183,70.49356223175965
e8,calce,GRU_direct_proj,CS2_35,256,4.467621891953988,5.810417737687114,0.8662235542888349,70.49356223175965
e8,calce,GRU_direct,CS2_36,256,18.63235855102539,20.793466656987103,-0.38702619075775146,68.85919835560124
e8,calce,GRU_direct_proj,CS2_36,256,5.615569291793228,7.000819544880975,0.8427724499503462,68.85919835560124
e8,calce,GRU_direct,CS2_37,256,17.82911491394043,19.76073154593394,-0.563430666923523,70.87753134040501
e8,calce,GRU_direct_proj,CS2_37,256,4.987740301985607,6.128387388609711,0.849628698191724,70.87753134040501
e8,calce,GRU_direct,CS2_38,256,18.21433448791504,20.12783016420649,-0.6104974746704102,69.9814126394052
e8,calce,GRU_direct_proj,CS2_38,256,4.968146904927084,6.154113828965585,0.8494443045483917,69.9814126394052
e8,calce,Transformer_direct,CS2_33,256,16.509906768798828,18.256940802094196,0.02596384286880493,64.20323325635104
e8,calce,Transformer_direct_proj,CS2_33,256,6.59095828346872,8.85209457502217,0.7710128448093387,64.20323325635104
e8,calce,Transformer_direct,CS2_34,256,14.52395248413086,16.84441944837323,-0.43069159984588623,72.38709677419355
e8,calce,Transformer_direct_proj,CS2_34,256,3.966634787007424,5.339867055731015,0.8562212193689653,72.38709677419355
e8,calce,Transformer_direct,CS2_35,256,16.87830924987793,18.566501995203367,-0.3659195899963379,70.70815450643777
e8,calce,Transformer_direct_proj,CS2_35,256,4.819411069928713,6.4613661819941095,0.8345702369152925,70.70815450643777
e8,calce,Transformer_direct,CS2_36,256,17.411849975585938,19.241214481336588,-0.18767011165618896,69.06474820143885
e8,calce,Transformer_direct_proj,CS2_36,256,5.972149647940605,7.732838586956899,0.808173425968471,69.06474820143885
e8,calce,Transformer_direct,CS2_37,256,16.539579391479492,18.073614693682696,-0.3078641891479492,73.3847637415622
e8,calce,Transformer_direct_proj,CS2_37,256,5.355204179760035,6.779074937870094,0.8160018702284709,73.3847637415622
e8,calce,Transformer_direct,CS2_38,256,16.989276885986328,18.56276551130608,-0.36978209018707275,69.51672862453532
e8,calce,Transformer_direct_proj,CS2_38,256,5.270135591099085,6.73289857786161,0.8197935694346504,69.51672862453532
e8,calce,GRU_direct,CS2_33,1234,16.706409454345703,19.009269460961754,-0.05596601963043213,64.20323325635104
e8,calce,GRU_direct_proj,CS2_33,1234,6.083809701578266,8.15230493034597,0.8057862997654699,64.20323325635104
e8,calce,GRU_direct,CS2_34,1234,14.601516723632812,17.30432508790929,-0.5098828077316284,74.70967741935483
e8,calce,GRU_direct_proj,CS2_34,1234,3.7650912571175956,5.038591383890951,0.8719875569334908,74.70967741935483
e8,calce,GRU_direct,CS2_35,1234,16.388954162597656,18.35017888036534,-0.3342757225036621,64.48497854077253
e8,calce,GRU_direct_proj,CS2_35,1234,5.006224650288949,6.89156142292273,0.8118084142627008,64.48497854077253
e8,calce,GRU_direct,CS2_36,1234,17.062868118286133,19.159580855911717,-0.1776137351989746,66.49537512846865
e8,calce,GRU_direct_proj,CS2_36,1234,6.136395403092589,8.15573217564285,0.7866184861727895,66.49537512846865
e8,calce,GRU_direct,CS2_37,1234,16.189868927001953,17.97253441805588,-0.2932760715484619,68.6595949855352
e8,calce,GRU_direct_proj,CS2_37,1234,5.535151076731819,7.216835124817566,0.7914711701072419,68.6595949855352
e8,calce,GRU_direct,CS2_38,1234,16.27251625061035,18.07701335578514,-0.2990309000015259,66.82156133828995
e8,calce,GRU_direct_proj,CS2_38,1234,5.454064451515985,7.191965696689649,0.7943818941351113,66.82156133828995
e8,calce,Transformer_direct,CS2_33,1234,18.332015991210938,20.789932249985434,-0.26306354999542236,70.43879907621246
e8,calce,Transformer_direct_proj,CS2_33,1234,5.7896309592557795,7.661104782527788,0.8284851073468966,70.43879907621246
e8,calce,Transformer_direct,CS2_34,1234,17.158130645751953,20.011621531947146,-1.0192890167236328,84.64516129032258
e8,calce,Transformer_direct_proj,CS2_34,1234,3.694473516487939,4.810553129387164,0.8833126068391219,84.64516129032258
e8,calce,Transformer_direct,CS2_35,1234,18.75304412841797,20.827163067387428,-0.7187994718551636,75.85836909871244
e8,calce,Transformer_direct_proj,CS2_35,1234,4.361790251251888,5.6059309844432645,0.8754738868150005,75.85836909871244
e8,calce,Transformer_direct,CS2_36,1234,19.07203483581543,21.35538979601739,-0.4630051851272583,72.4563206577595
e8,calce,Transformer_direct_proj,CS2_36,1234,5.39671077708044,6.754138466061076,0.8536573886773182,72.4563206577595
e8,calce,Transformer_direct,CS2_37,1234,18.330577850341797,20.223678247668854,-0.6375436782836914,75.50626808100289
e8,calce,Transformer_direct_proj,CS2_37,1234,4.8802496478366795,5.9369385257665,0.8588770509807849,75.50626808100289
e8,calce,Transformer_direct,CS2_38,1234,18.781631469726562,20.694175542098495,-0.7024030685424805,74.62825278810409
e8,calce,Transformer_direct_proj,CS2_38,1234,4.825978026651591,5.910680108307506,0.8611195705813732,74.62825278810409
e8,calce,GRU_direct,CS2_33,2718,17.598615646362305,20.22150441294258,-0.1949397325515747,69.86143187066975
e8,calce,GRU_direct_proj,CS2_33,2718,5.596038891500374,7.445355582200418,0.8380093607430433,69.86143187066975
e8,calce,GRU_direct,CS2_34,2718,16.64228630065918,19.597398141488465,-0.9365592002868652,84.7741935483871
e8,calce,GRU_direct_proj,CS2_34,2718,3.587669859738604,4.723216215840328,0.887511128395641,84.7741935483871
e8,calce,GRU_direct,CS2_35,2718,17.571922302246094,19.491860280319578,-0.5054680109024048,71.88841201716738
e8,calce,GRU_direct_proj,CS2_35,2718,4.825116495527292,6.51910641376433,0.8316003906632294,71.88841201716738
e8,calce,GRU_direct,CS2_36,2718,17.982580184936523,20.138912722986376,-0.30107665061950684,71.63412127440904
e8,calce,GRU_direct_proj,CS2_36,2718,5.916876902994535,7.732806703159347,0.8081750078318382,71.63412127440904
e8,calce,GRU_direct,CS2_37,2718,17.242115020751953,19.01716320427131,-0.4479849338531494,74.83124397299903
e8,calce,GRU_direct_proj,CS2_37,2718,5.363516199725047,6.8606382434655915,0.8115476406688017,74.83124397299903
e8,calce,GRU_direct,CS2_38,2718,17.65245819091797,19.3999988359274,-0.49613070487976074,71.84014869888475
e8,calce,GRU_direct_proj,CS2_38,2718,5.3068650977549385,6.856156171893651,0.8131351818153147,71.84014869888475
e8,calce,Transformer_direct,CS2_33,2718,15.498132705688477,17.925604620915596,0.06099766492843628,62.355658198614314
e8,calce,Transformer_direct_proj,CS2_33,2718,6.144978620092942,8.305129305835358,0.7984365290788071,62.355658198614314
e8,calce,Transformer_direct,CS2_34,2718,13.988718032836914,16.830612919617632,-0.428347110748291,70.96774193548387
e8,calce,Transformer_direct_proj,CS2_34,2718,3.6971919881127215,4.9416231397143315,0.8768673714537618,70.96774193548387
e8,calce,Transformer_direct,CS2_35,2718,17.752761840820312,19.84993060121488,-0.5612877607345581,71.13733905579399
e8,calce,Transformer_direct_proj,CS2_35,2718,4.429516397097506,5.809370324299196,0.8662717802916019,71.13733905579399
e8,calce,Transformer_direct,CS2_36,2718,18.088468551635742,20.34608401549608,-0.327983021736145,68.448098663926
e8,calce,Transformer_direct_proj,CS2_36,2718,5.5321493956532235,7.028657018202891,0.8415195910506573,68.448098663926
e8,calce,Transformer_direct,CS2_37,2718,17.373836517333984,19.24789298280058,-0.4833340644836426,70.49180327868852
e8,calce,Transformer_direct_proj,CS2_37,2718,4.972317571643195,6.183061016964616,0.8469336931318667,70.49180327868852
e8,calce,Transformer_direct,CS2_38,2718,18.02935028076172,19.90288310419812,-0.5747010707855225,70.4460966542751
e8,calce,Transformer_direct_proj,CS2_38,2718,4.940138837045738,6.155494786941889,0.8493767288026419,70.4460966542751
