stage,dataset,method,cell,seed,mae,rmse,r2,mae_raw,raw_pvr,proj_pvr,pvr_I1,pvr_I2,pvr_I3,pvr_I4,pvr_all
e5,nasa,drop_I1,B0005,42,2.830735108308131,2.994860157537627,0.9004563071755726,14.422818183898926,90.47619047619048,0.0,0.0,10.714285714285714,0.0,90.47619047619048,92.85714285714286
e5,nasa,drop_I2,B0005,42,2.7745720787265364,2.9550604485075675,0.9030844666801409,12.109148025512695,83.92857142857143,0.0,0.0,7.738095238095238,0.0,82.73809523809523,84.52380952380952
e5,nasa,drop_I3,B0005,42,2.9051033793193732,3.097577372080107,0.8935109438395119,14.289897918701172,91.66666666666666,0.0,0.0,12.5,0.0,91.07142857142857,94.64285714285714
e5,nasa,drop_I4,B0005,42,2.4382272283791426,2.6964094206387896,0.9193076575091227,3.9794681072235107,48.214285714285715,0.0,0.0,7.142857142857142,0.0,48.214285714285715,54.761904761904766
e6,nasa,calib_H0,B0005,42,2.519172033851842,2.8085583934775338,0.912455761927375,2.8237316608428955,0.0,0.0,,,,,
e6,nasa,calib_H1,B0005,42,2.801420558142396,2.960304165450564,0.9027402107652032,14.068076133728027,90.47619047619048,0.0,,,,,
e6,nasa,calib_H2,B0005,42,2.8694603570790727,3.039229810408935,0.8974849253424054,13.130287170410156,89.88095238095238,0.0,,,,,
e5,nasa,drop_I1,B0006,42,2.037993568147893,2.370916459271114,0.9643915308084836,12.30303955078125,75.59523809523809,0.0,0.0,6.547619047619048,0.0,75.59523809523809,76.19047619047619
e5,nasa,drop_I2,B0006,42,2.1487822249911583,2.5248878981280374,0.9596164027455161,8.231165885925293,64.28571428571429,0.0,0.0,6.547619047619048,0.0,64.28571428571429,66.66666666666666
e5,nasa,drop_I3,B0006,42,2.1229017019742726,2.518028075909601,0.9598355395846305,10.471196174621582,67.85714285714286,0.0,0.0,11.30952380952381,0.0,67.85714285714286,73.21428571428571
e5,nasa,drop_I4,B0006,42,2.1031589281470557,2.4708127360169447,0.9613276589514352,3.5851216316223145,49.404761904761905,0.0,0.0,16.666666666666664,0.0,49.404761904761905,52.976190476190474
e6,nasa,calib_H0,B0006,42,4.351890146422043,4.867180594411424,0.8499362751560444,1.6840051412582397,0.0,0.0,,,,,
e6,nasa,calib_H1,B0006,42,2.0465058129792615,2.3922801900606845,0.9637469217429127,11.897193908691406,73.80952380952381,0.0,,,,,
e6,nasa,calib_H2,B0006,42,2.1237861389882235,2.4943031749332656,0.9605888343916188,10.452847480773926,68.45238095238095,0.0,,,,,
e5,nasa,drop_I1,B0007,42,2.412169115775366,2.624822674514248,0.8929790144106595,17.32587432861328,94.04761904761905,0.0,0.0,8.333333333333332,0.0,92.26190476190477,96.42857142857143
e5,nasa,drop_I2,B0007,42,2.3685164288051364,2.5399004400308844,0.8997919999090095,16.316993713378906,91.66666666666666,0.0,0.0,10.714285714285714,0.0,91.07142857142857,93.45238095238095
e5,nasa,drop_I3,B0007,42,2.483517413912704,2.7449559095468685,0.8829585336429445,17.59696388244629,97.02380952380952,0.0,0.0,11.904761904761903,2.976190476190476,94.04761904761905,99.40476190476191
e5,nasa,drop_I4,B0007,42,2.2559295093351874,2.4251096408364674,0.9086451172863741,6.828749656677246,85.71428571428571,0.0,0.0,23.214285714285715,0.0,82.14285714285714,86.30952380952381
e6,nasa,calib_H0,B0007,42,2.426993728742937,2.9781406697645174,0.8622284885554219,6.62591028213501,1.7857142857142856,0.0,,,,,
e6,nasa,calib_H1,B0007,42,2.404345391157438,2.6194495571707663,0.8934167184568487,17.004196166992188,92.85714285714286,0.0,,,,,
e6,nasa,calib_H2,B0007,42,2.3976211579490827,2.6236902503386785,0.8930713383679625,16.728063583374023,92.85714285714286,0.0,,,,,
e5,nasa,drop_I1,B0018,42,2.3500930551971506,2.6926735021964747,0.8781814466176032,9.783288955688477,84.84848484848484,0.0,0.0,16.666666666666664,0.0,84.0909090909091,88.63636363636364
e5,nasa,drop_I2,B0018,42,2.330956103055062,2.7549501427880436,0.872481401173385,9.531296730041504,81.06060606060606,0.0,0.0,15.909090909090908,0.0,79.54545454545455,87.87878787878788
e5,nasa,drop_I3,B0018,42,2.5430591171297348,3.052615976706292,0.8434365472348058,10.788674354553223,85.60606060606061,0.0,0.0,20.454545454545457,0.0,85.60606060606061,93.18181818181817
e5,nasa,drop_I4,B0018,42,2.408514080915054,2.882997995629427,0.8603519982855599,2.362879753112793,0.0,0.0,0.0,12.121212121212121,0.0,0.0,12.121212121212121
e6,nasa,calib_H0,B0018,42,6.452404757074825,6.784735248879393,0.22658630917920697,5.16658353805542,0.0,0.0,,,,,
e6,nasa,calib_H1,B0018,42,2.427443630003407,2.8435124616743557,0.8641510404882982,9.799004554748535,85.60606060606061,0.0,,,,,
e6,nasa,calib_H2,B0018,42,2.33869116881452,2.8247140391861647,0.865941294464097,10.401087760925293,84.84848484848484,0.0,,,,,
e5,nasa,drop_I1,B0005,123,2.7232991721859685,2.923991916712465,0.9051116298648152,14.77601146697998,87.5,0.0,0.0,7.142857142857142,0.0,87.5,89.28571428571429
e5,nasa,drop_I2,B0005,123,2.7110531885223343,2.9111344359907507,0.9059442881313192,14.508036613464355,87.5,0.0,0.0,3.571428571428571,0.0,87.5,88.69047619047619
e5,nasa,drop_I3,B0005,123,2.7359851463057656,2.9391478385151473,0.9041254111179592,14.804190635681152,89.28571428571429,0.0,0.0,7.142857142857142,0.0,89.28571428571429,90.47619047619048
e5,nasa,drop_I4,B0005,123,2.4507569672736107,2.6949142313384837,0.9193971223175491,4.466875076293945,52.38095238095239,0.0,0.0,11.30952380952381,0.0,50.0,58.333333333333336
e6,nasa,calib_H0,B0005,123,1.9272608214536784,2.1470496052707184,0.9488383186450524,4.7633891105651855,0.0,0.0,,,,,
e6,nasa,calib_H1,B0005,123,2.719975546877358,2.9206285289393743,0.9053297992991617,14.929754257202148,88.09523809523809,0.0,,,,,
e6,nasa,calib_H2,B0005,123,2.7189945918464478,2.915090739155562,0.9056884663724741,14.870841026306152,88.69047619047619,0.0,,,,,
e5,nasa,drop_I1,B0006,123,2.422228302820155,2.829526948274354,0.949283594038294,10.79482650756836,70.23809523809523,0.0,0.0,14.285714285714285,0.0,70.23809523809523,72.02380952380952
e5,nasa,drop_I2,B0006,123,2.4093483598680097,2.808104223058056,0.9500486481922669,10.338117599487305,70.83333333333334,0.0,0.0,10.119047619047619,0.0,70.83333333333334,70.83333333333334
e5,nasa,drop_I3,B0006,123,2.322598806222645,2.6953391502023094,0.9539798913562948,11.104214668273926,72.02380952380952,0.0,0.0,15.476190476190476,0.0,72.02380952380952,73.80952380952381
e5,nasa,drop_I4,B0006,123,2.3886822244011694,2.7874474413048103,0.9507808425393289,4.915205955505371,72.02380952380952,0.0,0.0,13.690476190476192,0.0,72.02380952380952,72.02380952380952
e6,nasa,calib_H0,B0006,123,2.4755452351335783,3.190198727472578,0.9355302070472457,3.383511781692505,0.0,0.0,,,,,
e6,nasa,calib_H1,B0006,123,2.38580994204755,2.782501266030044,0.9509553610501745,10.878728866577148,70.83333333333334,0.0,,,,,
e6,nasa,calib_H2,B0006,123,2.379644981767814,2.7713110977650017,0.9513490458259869,11.122708320617676,70.83333333333334,0.0,,,,,
e5,nasa,drop_I1,B0007,123,2.2752482573763406,2.450035831386191,0.9067575062921228,15.671636581420898,91.66666666666666,0.0,0.0,17.857142857142858,0.0,91.66666666666666,91.66666666666666
e5,nasa,drop_I2,B0007,123,2.2065418041127827,2.3748212095302788,0.9123946062309087,15.71661376953125,89.88095238095238,0.0,0.0,21.428571428571427,0.0,89.88095238095238,89.88095238095238
e5,nasa,drop_I3,B0007,123,2.293935695810498,2.4665790425574188,0.9054940651578518,15.701215744018555,91.66666666666666,0.0,0.0,20.238095238095237,0.0,91.66666666666666,91.66666666666666
e5,nasa,drop_I4,B0007,123,2.0074170781843828,2.182671110522286,0.9259976334223923,6.835569858551025,78.57142857142857,0.0,0.0,18.452380952380953,0.0,76.19047619047619,86.90476190476191
e6,nasa,calib_H0,B0007,123,4.191254469605308,4.709698816550482,0.6554476009086212,7.286087989807129,0.0,0.0,,,,,
e6,nasa,calib_H1,B0007,123,2.269253175778234,2.441361319654784,0.9074165997078167,16.08245849609375,92.26190476190477,0.0,,,,,
e6,nasa,calib_H2,B0007,123,2.2580765443933375,2.425697620822021,0.9086008130178743,16.50320816040039,92.85714285714286,0.0,,,,,
e5,nasa,drop_I1,B0018,123,2.071173478707232,2.377914665854041,0.9049967252761892,11.204669952392578,87.12121212121212,0.0,0.0,20.454545454545457,0.0,87.12121212121212,98.48484848484848
e5,nasa,drop_I2,B0018,123,1.9810554903011486,2.2629540814897964,0.9139605693486588,11.566571235656738,87.87878787878788,0.0,0.0,18.939393939393938,0.0,87.87878787878788,98.48484848484848
e5,nasa,drop_I3,B0018,123,2.0199060140673692,2.307342349547624,0.9105521061113112,11.844766616821289,88.63636363636364,0.0,0.0,16.666666666666664,0.0,88.63636363636364,96.21212121212122
e5,nasa,drop_I4,B0018,123,2.3400201322487337,2.8366434222051313,0.8648065851889681,2.23531174659729,0.0,0.0,0.0,17.424242424242426,0.0,0.0,18.181818181818183
e6,nasa,calib_H0,B0018,123,4.387038957082957,4.842079265655914,0.6060783648927465,3.4706804752349854,0.0,0.0,,,,,
e6,nasa,calib_H1,B0018,123,1.9457116331360007,2.226573665300535,0.9167047605511491,11.48935604095459,87.87878787878788,0.0,,,,,
e6,nasa,calib_H2,B0018,123,1.9688407981102625,2.2933881915785035,0.9116307460026029,11.701486587524414,90.15151515151516,0.0,,,,,
e5,nasa,drop_I1,B0005,2024,2.597936780037379,2.833988414242003,0.9108632505753642,15.071260452270508,91.66666666666666,0.0,0.0,8.928571428571429,0.0,91.66666666666666,92.26190476190477
e5,nasa,drop_I2,B0005,2024,2.5714205312335165,2.8238230081876377,0.9115015638125237,14.398365020751953,88.69047619047619,0.0,0.0,10.714285714285714,0.0,88.69047619047619,88.69047619047619
e5,nasa,drop_I3,B0005,2024,2.573485241978003,2.8295612916261788,0.9111415234783036,15.003201484680176,91.66666666666666,0.0,0.0,7.738095238095238,0.0,91.66666666666666,91.66666666666666
e5,nasa,drop_I4,B0005,2024,2.5527689794737243,2.750047761749268,0.916065380750656,6.072470664978027,75.0,0.0,0.0,5.952380952380952,0.0,75.0,75.59523809523809
e6,nasa,calib_H0,B0005,2024,1.5219998881337615,2.0280351450371077,0.9543530667301092,4.296393394470215,0.0,0.0,,,,,
e6,nasa,calib_H1,B0005,2024,2.5749454690430085,2.829858065757215,0.9111228829348609,15.101076126098633,91.66666666666666,0.0,,,,,
e6,nasa,calib_H2,B0005,2024,2.5776243641874443,2.8313028893496885,0.9110321048578051,14.7584867477417,91.66666666666666,0.0,,,,,
e5,nasa,drop_I1,B0006,2024,2.258880188512233,2.5955426526677297,0.9573246451858548,10.74968433380127,80.95238095238095,0.0,1.7857142857142856,18.452380952380953,0.0,77.97619047619048,80.95238095238095
e5,nasa,drop_I2,B0006,2024,2.3111328258496067,2.671685163438633,0.9547840814383417,9.716875076293945,75.59523809523809,0.0,1.7857142857142856,22.023809523809522,0.0,72.61904761904762,76.19047619047619
e5,nasa,drop_I3,B0006,2024,2.2402490210550785,2.5657409844527503,0.9582990044127904,11.108304977416992,81.54761904761905,0.0,1.7857142857142856,18.452380952380953,0.0,78.57142857142857,81.54761904761905
e5,nasa,drop_I4,B0006,2024,2.2327397638487163,2.578223289115232,0.9578922675611952,4.189733505249023,71.42857142857143,0.0,1.7857142857142856,23.809523809523807,0.0,68.45238095238095,73.80952380952381
e6,nasa,calib_H0,B0006,2024,3.0518371876293084,3.587511705260429,0.9184718750774405,2.3740735054016113,0.0,0.0,,,,,
e6,nasa,calib_H1,B0006,2024,2.2438581411546052,2.573043522696954,0.958061290255817,10.974784851074219,80.95238095238095,0.0,,,,,
e6,nasa,calib_H2,B0006,2024,2.2514900346842563,2.5857737452530047,0.957645277217928,10.965826988220215,80.95238095238095,0.0,,,,,
e5,nasa,drop_I1,B0007,2024,2.061100637932726,2.2639724407145287,0.9203819970717841,14.008455276489258,86.90476190476191,0.0,1.7857142857142856,21.428571428571427,0.0,82.73809523809523,90.47619047619048
e5,nasa,drop_I2,B0007,2024,2.045704121486912,2.2664388838461345,0.9202084258387002,14.214816093444824,89.28571428571429,0.0,1.7857142857142856,23.809523809523807,0.0,82.73809523809523,90.47619047619048
e5,nasa,drop_I3,B0007,2024,2.0507279834214023,2.2605231304778184,0.9206244187385305,14.007978439331055,86.90476190476191,0.0,1.7857142857142856,24.404761904761905,0.0,82.73809523809523,90.47619047619048
e5,nasa,drop_I4,B0007,2024,1.9685686963923896,2.1346091542632606,0.9292207847383209,7.165492534637451,77.38095238095238,0.0,2.380952380952381,23.214285714285715,0.0,75.0,85.71428571428571
e6,nasa,calib_H0,B0007,2024,3.8540275214421094,4.621448161330541,0.6682391156839991,5.750101089477539,0.0,0.0,,,,,
e6,nasa,calib_H1,B0007,2024,2.061373388490967,2.2657750425238414,0.9202551609941537,14.014842987060547,87.5,0.0,,,,,
e6,nasa,calib_H2,B0007,2024,2.0373486653623534,2.2477112984592114,0.9215216135126236,14.360610008239746,86.90476190476191,0.0,,,,,
e5,nasa,drop_I1,B0018,2024,1.8963098401761735,2.130020054767841,0.9237721923179105,9.966221809387207,81.81818181818183,0.0,0.0,24.242424242424242,0.0,80.3030303030303,84.84848484848484
e5,nasa,drop_I2,B0018,2024,2.291054970423858,2.5483600079811097,0.8908892335174965,9.19384765625,78.78787878787878,0.0,0.0,32.57575757575758,0.0,75.0,87.12121212121212
e5,nasa,drop_I3,B0018,2024,1.8446606059712733,2.077860967787132,0.9274597555581631,10.250086784362793,81.81818181818183,0.0,0.0,19.696969696969695,0.0,80.3030303030303,87.12121212121212
e5,nasa,drop_I4,B0018,2024,2.558385279813678,3.0747731029888916,0.8411554965476497,2.5048298835754395,0.0,0.0,0.0,10.606060606060606,0.0,0.0,10.606060606060606
e6,nasa,calib_H0,B0018,2024,2.9320744057169676,3.42133480313455,0.8033304178331174,2.585001230239868,0.0,0.0,,,,,
e6,nasa,calib_H1,B0018,2024,1.8837256759572822,2.102017244525849,0.9257633110073891,10.232871055603027,81.81818181818183,0.0,,,,,
e6,nasa,calib_H2,B0018,2024,1.8786229838786288,2.1112354967252354,0.9251107634890523,9.563522338867188,81.06060606060606,0.0,,,,,
e5,nasa,drop_I1,B0005,7,2.5728536967262903,2.8240542556851342,0.9114870686548603,12.048548698425293,81.54761904761905,0.0,0.0,4.761904761904762,0.0,81.54761904761905,82.14285714285714
e5,nasa,drop_I2,B0005,7,2.6152113600732236,2.8366849211547436,0.9106935447229022,12.323387145996094,82.14285714285714,0.0,0.0,4.166666666666666,0.0,82.14285714285714,82.73809523809523
e5,nasa,drop_I3,B0005,7,2.5630575799821225,2.821850033701829,0.9116251864041394,11.866806983947754,78.57142857142857,0.0,0.0,4.761904761904762,0.0,78.57142857142857,79.16666666666666
e5,nasa,drop_I4,B0005,7,2.6734523456076422,2.8869708503957843,0.9074992084114453,4.22794246673584,70.83333333333334,0.0,1.7857142857142856,8.928571428571429,0.0,66.07142857142857,70.83333333333334
e6,nasa,calib_H0,B0005,7,4.478967235077229,4.773867236108735,0.7470694284960384,6.073976039886475,0.0,0.0,,,,,
e6,nasa,calib_H1,B0005,7,2.5686973313718355,2.8219410316200033,0.911619486559267,12.082985877990723,80.95238095238095,0.0,,,,,
e6,nasa,calib_H2,B0005,7,2.5637479835295602,2.8224912303189713,0.9115850197979888,11.90839672088623,80.35714285714286,0.0,,,,,
e5,nasa,drop_I1,B0006,7,2.3734246057226818,2.763910587128219,0.9516085339621966,11.484403610229492,75.0,0.0,0.0,10.714285714285714,0.0,75.0,75.0
e5,nasa,drop_I2,B0006,7,2.3766083032267837,2.768013785779835,0.9514647469769304,11.094828605651855,75.0,0.0,0.0,13.095238095238097,0.0,75.0,75.0
e5,nasa,drop_I3,B0006,7,2.3731224543896197,2.7635235745246987,0.9516220849042267,11.542551040649414,75.0,0.0,0.0,9.523809523809524,0.0,75.0,75.0
e5,nasa,drop_I4,B0006,7,2.2204662632376917,2.5566383613038064,0.9585943694605116,3.895136594772339,60.71428571428571,0.0,0.0,14.880952380952381,0.0,60.11904761904761,64.88095238095238
e6,nasa,calib_H0,B0006,7,3.0615028482274083,4.036140717125491,0.8968062490090911,4.684605121612549,0.0,0.0,,,,,
e6,nasa,calib_H1,B0006,7,2.3801933238576694,2.7726894356597653,0.9513006397631387,11.47192668914795,75.0,0.0,,,,,
e6,nasa,calib_H2,B0006,7,2.3783132539557026,2.770230136331852,0.9513869914386279,11.498226165771484,75.0,0.0,,,,,
e5,nasa,drop_I1,B0007,7,2.219007822200972,2.3897459800979104,0.9112900187227303,15.430150032043457,94.64285714285714,0.0,0.0,5.952380952380952,0.0,94.64285714285714,94.64285714285714
e5,nasa,drop_I2,B0007,7,2.2076313330340027,2.376657366267285,0.912259084938725,15.007207870483398,92.85714285714286,0.0,0.0,7.142857142857142,0.0,92.85714285714286,94.04761904761905
e5,nasa,drop_I3,B0007,7,2.2034782800260073,2.371209787557663,0.9126608489956721,15.212992668151855,94.04761904761905,0.0,0.0,5.952380952380952,0.0,94.04761904761905,94.64285714285714
e5,nasa,drop_I4,B0007,7,1.935228196692332,2.119028643754074,0.930250248819209,5.955132484436035,79.16666666666666,0.0,0.0,16.071428571428573,0.0,76.78571428571429,84.52380952380952
e6,nasa,calib_H0,B0007,7,5.757540162576704,6.183228300567478,0.40611880706542725,8.692472457885742,0.0,0.0,,,,,
e6,nasa,calib_H1,B0007,7,2.2030068821354343,2.372156752788561,0.9125910756211917,15.467598915100098,94.64285714285714,0.0,,,,,
e6,nasa,calib_H2,B0007,7,2.2168441797946756,2.3830027263060267,0.9117899462859524,15.144429206848145,94.04761904761905,0.0,,,,,
e5,nasa,drop_I1,B0018,7,1.7451015498230438,2.002960928475889,0.9325951727554104,10.035884857177734,86.36363636363636,0.0,0.0,7.575757575757576,0.0,86.36363636363636,88.63636363636364
e5,nasa,drop_I2,B0018,7,1.7612307461078052,2.0119338142700256,0.93198989829558,9.992090225219727,85.60606060606061,0.0,0.0,6.8181818181818175,0.0,85.60606060606061,87.12121212121212
e5,nasa,drop_I3,B0018,7,1.7585271032220646,2.002712493358377,0.9326118926898037,10.040806770324707,85.60606060606061,0.0,0.0,6.8181818181818175,0.0,85.60606060606061,87.87878787878788
e5,nasa,drop_I4,B0018,7,2.067834697587343,2.639769776761763,0.8829212305565126,2.0336592197418213,0.0,0.0,0.0,12.121212121212121,0.0,0.0,12.121212121212121
e6,nasa,calib_H0,B0018,7,1.619844168424131,2.0370533307812213,0.9302810491773085,2.4456889629364014,0.0,0.0,,,,,
e6,nasa,calib_H1,B0018,7,1.791688181457248,2.0205136939905417,0.9314086041259435,10.200057983398438,86.36363636363636,0.0,,,,,
e6,nasa,calib_H2,B0018,7,1.795573059307543,2.0418833195424675,0.9299500406932862,10.054311752319336,86.36363636363636,0.0,,,,,
e5,nasa,drop_I1,B0005,99,2.3855994073936486,2.6871784913892305,0.9198591986120317,6.283415794372559,61.30952380952381,0.0,0.0,6.547619047619048,0.0,61.30952380952381,61.904761904761905
e5,nasa,drop_I2,B0005,99,2.41725803626538,2.70054449554485,0.9190599764806315,6.073073387145996,61.904761904761905,0.0,0.0,9.523809523809524,0.0,61.30952380952381,61.904761904761905
e5,nasa,drop_I3,B0005,99,2.4289846196259446,2.7216798936897515,0.9177880893555344,6.73702335357666,61.30952380952381,0.0,0.0,11.30952380952381,0.0,61.30952380952381,63.69047619047619
e5,nasa,drop_I4,B0005,99,2.520526531214505,2.8443526642588433,0.9102100899321154,4.418668746948242,39.88095238095239,0.0,0.0,12.5,0.0,37.5,45.23809523809524
e6,nasa,calib_H0,B0005,99,1.344651071738551,1.7338602576724154,0.9666351761885592,2.8289129734039307,0.0,0.0,,,,,
e6,nasa,calib_H1,B0005,99,2.396602263883235,2.698593405193923,0.919176889385888,6.277545928955078,61.30952380952381,0.0,,,,,
e6,nasa,calib_H2,B0005,99,2.395161743946448,2.692195485466636,0.919559671611399,6.564726829528809,62.5,0.0,,,,,
e5,nasa,drop_I1,B0006,99,2.6109348146436493,3.094577606411965,0.9393370455921376,5.272995948791504,41.66666666666667,0.0,0.0,19.047619047619047,0.0,38.095238095238095,58.333333333333336
e5,nasa,drop_I2,B0006,99,2.6287858450084833,3.11813942191985,0.9384097650968379,4.606339931488037,36.904761904761905,0.0,0.0,20.833333333333336,0.0,36.904761904761905,54.761904761904766
e5,nasa,drop_I3,B0006,99,2.6003533449075795,3.0742093432814532,0.9401329750320591,4.3641228675842285,41.07142857142857,0.0,0.0,22.61904761904762,0.0,36.904761904761905,55.952380952380956
e5,nasa,drop_I4,B0006,99,2.5307418508973134,3.078200660680913,0.9399774206193486,4.369322776794434,54.761904761904766,0.0,0.0,20.833333333333336,0.0,52.976190476190474,54.761904761904766
e6,nasa,calib_H0,B0006,99,3.887016963702833,4.383299096643153,0.8782909107878512,2.452834367752075,0.0,0.0,,,,,
e6,nasa,calib_H1,B0006,99,2.641917966467569,3.112461966345079,0.9386338458278866,4.855547904968262,38.095238095238095,0.0,,,,,
e6,nasa,calib_H2,B0006,99,2.650288254738932,3.129498602366859,0.9379602092415164,5.358996391296387,42.857142857142854,0.0,,,,,
e5,nasa,drop_I1,B0007,99,2.2639501026266324,2.4384698522092823,0.9076357752613592,10.81251335144043,94.04761904761905,0.0,0.0,27.380952380952383,0.0,94.04761904761905,97.61904761904762
e5,nasa,drop_I2,B0007,99,2.28770407772921,2.4714865325398767,0.9051176342433966,10.223130226135254,92.85714285714286,0.0,0.0,27.380952380952383,0.0,91.07142857142857,96.42857142857143
e5,nasa,drop_I3,B0007,99,2.3215123542263454,2.52565724420045,0.9009127369319436,11.007942199707031,94.04761904761905,0.0,0.0,23.214285714285715,0.0,93.45238095238095,97.61904761904762
e5,nasa,drop_I4,B0007,99,2.2236013918649835,2.3949770916056474,0.9109012245091543,8.082115173339844,89.88095238095238,0.0,0.0,22.023809523809522,0.0,88.09523809523809,94.64285714285714
e6,nasa,calib_H0,B0007,99,2.5009958319920202,2.9733118895568986,0.8626748939376632,6.618300437927246,1.7857142857142856,0.0,,,,,
e6,nasa,calib_H1,B0007,99,2.271797772706771,2.4505082548049932,0.9067215442184154,12.267756462097168,94.64285714285714,0.0,,,,,
e6,nasa,calib_H2,B0007,99,2.2603038885120985,2.4356442941753773,0.9078497039039194,10.690593719482422,94.64285714285714,0.0,,,,,
e5,nasa,drop_I1,B0018,99,1.9526352501267201,2.2442352410691693,0.9153780945457393,4.093136787414551,57.57575757575758,0.0,0.0,12.121212121212121,0.0,53.03030303030303,67.42424242424242
e5,nasa,drop_I2,B0018,99,1.9861984746232086,2.29354330423802,0.9116187919395285,4.280709743499756,54.54545454545454,0.0,0.0,9.848484848484848,0.0,51.515151515151516,59.84848484848485
e5,nasa,drop_I3,B0018,99,2.073526418103088,2.413300072892364,0.9021482275548194,4.947097301483154,68.93939393939394,0.0,0.0,9.848484848484848,0.0,68.18181818181817,78.78787878787878
e5,nasa,drop_I4,B0018,99,2.174218144679623,2.5768897659916106,0.8884324936824053,2.0971202850341797,0.0,0.0,0.0,12.878787878787879,0.0,0.0,14.393939393939394
e6,nasa,calib_H0,B0018,99,4.781665179696652,5.210685172296368,0.5438205547262842,3.730797290802002,0.0,0.0,,,,,
e6,nasa,calib_H1,B0018,99,2.1432822573157573,2.3944275487010125,0.9036726870527304,4.133574485778809,55.3030303030303,0.0,,,,,
e6,nasa,calib_H2,B0018,99,1.8662818067835167,2.1935339461910464,0.9191584253584101,4.2953925132751465,57.57575757575758,0.0,,,,,
e5,nasa,drop_I1,B0005,256,2.6694889899479977,2.8712554303388234,0.9085035359534684,13.46977424621582,82.73809523809523,0.0,0.0,5.952380952380952,0.0,82.73809523809523,85.11904761904762
e5,nasa,drop_I2,B0005,256,2.665477887235782,2.8657127449030693,0.908856445432943,13.268717765808105,82.73809523809523,0.0,0.0,4.761904761904762,0.0,82.73809523809523,85.11904761904762
e5,nasa,drop_I3,B0005,256,2.681138203062125,2.879971384298695,0.9079472013485925,13.553658485412598,83.33333333333334,0.0,0.0,5.952380952380952,0.0,83.33333333333334,85.71428571428571
e5,nasa,drop_I4,B0005,256,2.545941875644225,2.7763312647481206,0.9144533082648735,4.814063549041748,64.28571428571429,0.0,0.0,10.119047619047619,0.0,61.904761904761905,70.83333333333334
e6,nasa,calib_H0,B0005,256,1.2728112793048256,1.5887772192846725,0.9719852559046741,3.5442955493927,0.0,0.0,,,,,
e6,nasa,calib_H1,B0005,256,2.677989884675031,2.877747983976138,0.9080892799945163,13.536640167236328,82.73809523809523,0.0,,,,,
e6,nasa,calib_H2,B0005,256,2.678753513793077,2.8746166167388965,0.9082891930053305,13.495111465454102,82.73809523809523,0.0,,,,,
e5,nasa,drop_I1,B0006,256,2.3925599379453297,2.7892630556165208,0.9507167034930922,12.702470779418945,75.59523809523809,0.0,0.0,5.357142857142857,0.0,75.59523809523809,75.59523809523809
e5,nasa,drop_I2,B0006,256,2.373804948969372,2.7643983458116734,0.9515914527725475,12.362227439880371,76.19047619047619,0.0,0.0,4.166666666666666,0.0,76.19047619047619,76.19047619047619
e5,nasa,drop_I3,B0006,256,2.393217223701516,2.7901630946155196,0.9506848929076379,12.701918601989746,75.59523809523809,0.0,0.0,5.357142857142857,0.0,75.59523809523809,75.59523809523809
e5,nasa,drop_I4,B0006,256,2.2367293859181823,2.6049505760027465,0.9570147184049305,4.330621719360352,65.47619047619048,0.0,0.0,22.023809523809522,0.0,64.88095238095238,67.26190476190477
e6,nasa,calib_H0,B0006,256,3.104588418631628,3.516777783688882,0.9216551136379632,2.3660783767700195,0.0,0.0,,,,,
e6,nasa,calib_H1,B0006,256,2.3922768944399215,2.788876068487824,0.9507303778421848,12.695655822753906,75.59523809523809,0.0,,,,,
e6,nasa,calib_H2,B0006,256,2.392641792793403,2.7893750369175425,0.9507127462338922,12.667793273925781,75.59523809523809,0.0,,,,,
e5,nasa,drop_I1,B0007,256,2.1957496706433552,2.366246795870035,0.9130260717259806,16.552248001098633,95.23809523809523,0.0,0.0,5.357142857142857,0.0,95.23809523809523,95.83333333333334
e5,nasa,drop_I2,B0007,256,2.2018141614669613,2.3725304291012947,0.9125635350995706,16.20412254333496,94.64285714285714,0.0,0.0,5.357142857142857,0.0,94.64285714285714,94.64285714285714
e5,nasa,drop_I3,B0007,256,2.1963635768240413,2.36471983192526,0.9131382858891611,16.612417221069336,95.83333333333334,0.0,0.0,6.547619047619048,0.0,95.83333333333334,97.61904761904762
e5,nasa,drop_I4,B0007,256,1.9762132738316462,2.1881503963799402,0.9256256222029334,6.528748512268066,78.57142857142857,0.0,2.380952380952381,16.666666666666664,0.0,72.61904761904762,88.69047619047619
e6,nasa,calib_H0,B0007,256,3.8206500497816025,4.4296173558953305,0.6952094957757731,7.05736780166626,0.0,0.0,,,,,
e6,nasa,calib_H1,B0007,256,2.1843085421318333,2.3557613552789265,0.9137951710408727,16.523054122924805,95.23809523809523,0.0,,,,,
e6,nasa,calib_H2,B0007,256,2.2240490073620327,2.3863125456787397,0.9115447412791013,16.801843643188477,96.42857142857143,0.0,,,,,
e5,nasa,drop_I1,B0018,256,1.8059658493795132,2.0953025414160265,0.9262368381941641,11.915915489196777,93.18181818181817,0.0,0.0,6.0606060606060606,0.0,93.18181818181817,94.6969696969697
e5,nasa,drop_I2,B0018,256,1.8330461972220096,2.078721827779396,0.9273996361072805,11.620022773742676,93.18181818181817,0.0,0.0,7.575757575757576,0.0,93.18181818181817,94.6969696969697
e5,nasa,drop_I3,B0018,256,1.8128937186330956,2.1093215481491367,0.9252464841869554,11.87270450592041,93.18181818181817,0.0,0.0,6.0606060606060606,0.0,93.18181818181817,94.6969696969697
e5,nasa,drop_I4,B0018,256,2.511188403031186,2.9735041996417872,0.8514464081152913,2.471142530441284,0.0,0.0,0.0,25.0,0.0,0.0,27.27272727272727
e6,nasa,calib_H0,B0018,256,5.024989970647206,5.438022595332072,0.5031468355028476,3.5302045345306396,0.0,0.0,,,,,
e6,nasa,calib_H1,B0018,256,1.8059947281376085,2.091903425866485,0.9264759694238489,11.986668586730957,93.93939393939394,0.0,,,,,
e6,nasa,calib_H2,B0018,256,1.8765654825754043,2.1274225001311433,0.923957998231781,11.976414680480957,93.93939393939394,0.0,,,,,
e5,nasa,drop_I1,B0005,1234,2.6794560059515713,2.874678607353278,0.9082852375070298,12.555827140808105,89.28571428571429,0.0,0.0,9.523809523809524,0.0,89.28571428571429,91.07142857142857
e5,nasa,drop_I2,B0005,1234,2.6501398853264986,2.8557220798915637,0.9094908408017821,12.4690523147583,89.28571428571429,0.0,0.0,9.523809523809524,0.0,89.28571428571429,93.45238095238095
e5,nasa,drop_I3,B0005,1234,2.766608099121884,2.9495529227477015,0.90344538477345,12.763352394104004,89.88095238095238,0.0,0.0,7.738095238095238,0.0,89.88095238095238,91.07142857142857
e5,nasa,drop_I4,B0005,1234,2.328931396387524,2.6183192403241837,0.923913808541967,3.6412811279296875,41.66666666666667,0.0,0.0,5.357142857142857,0.0,41.66666666666667,43.452380952380956
e6,nasa,calib_H0,B0005,1234,1.7428323555234404,2.1838082668820316,0.9470714906442408,4.164326190948486,0.0,0.0,,,,,
e6,nasa,calib_H1,B0005,1234,2.6917484890062235,2.884674060811573,0.9076463317141887,12.546065330505371,89.28571428571429,0.0,,,,,
e6,nasa,calib_H2,B0005,1234,2.681364840419606,2.875966616516179,0.9082030328958386,12.715736389160156,89.88095238095238,0.0,,,,,
e5,nasa,drop_I1,B0006,1234,2.145356650952267,2.4649916485644474,0.9615096637607097,11.8983154296875,85.11904761904762,0.0,0.0,6.547619047619048,0.0,85.11904761904762,85.11904761904762
e5,nasa,drop_I2,B0006,1234,2.139102761165767,2.459510041426104,0.9616806617478358,11.493233680725098,85.11904761904762,0.0,0.0,5.952380952380952,0.0,85.11904761904762,85.11904761904762
e5,nasa,drop_I3,B0006,1234,2.122989284269345,2.4370974243662586,0.962375859984391,11.862592697143555,85.11904761904762,0.0,0.0,5.357142857142857,0.0,85.11904761904762,85.11904761904762
e5,nasa,drop_I4,B0006,1234,2.5246021802386593,3.036694585025271,0.9415851816407992,3.9931857585906982,54.166666666666664,0.0,0.0,17.261904761904763,0.0,53.57142857142857,57.738095238095234
e6,nasa,calib_H0,B0006,1234,3.1835934298792394,3.603113865380758,0.9177611981664728,2.2087788581848145,0.0,0.0,,,,,
e6,nasa,calib_H1,B0006,1234,2.1365249111086104,2.458456470923632,0.9617134841203847,12.12632942199707,88.69047619047619,0.0,,,,,
e6,nasa,calib_H2,B0006,1234,2.154978542896114,2.4649198366410623,0.9615119063847902,11.720088005065918,84.52380952380952,0.0,,,,,
e5,nasa,drop_I1,B0007,1234,2.2215010773848665,2.3912523394509484,0.9111781480660188,17.811233520507812,94.64285714285714,0.0,0.0,8.928571428571429,0.0,94.64285714285714,95.83333333333334
e5,nasa,drop_I2,B0007,1234,2.210266654322607,2.3791898590846468,0.9120719972862965,17.889724731445312,94.64285714285714,0.0,0.0,8.928571428571429,0.0,94.64285714285714,95.83333333333334
e5,nasa,drop_I3,B0007,1234,2.2416013188764774,2.41606783507212,0.9093250644796991,18.15496253967285,94.64285714285714,0.0,0.0,8.928571428571429,0.0,94.64285714285714,95.83333333333334
e5,nasa,drop_I4,B0007,1234,2.0958576183102613,2.252210915305901,0.9212070925843203,6.437441825866699,76.19047619047619,0.0,0.0,17.857142857142858,0.0,76.19047619047619,82.14285714285714
e6,nasa,calib_H0,B0007,1234,3.9259451309483713,4.6640889761852,0.6620887415559584,7.456154823303223,0.0,0.0,,,,,
e6,nasa,calib_H1,B0007,1234,2.2235745895067796,2.392508898269116,0.9110847750631662,17.903118133544922,94.64285714285714,0.0,,,,,
e6,nasa,calib_H2,B0007,1234,2.2472600787782073,2.415698750908661,0.90935276579339,17.82451820373535,94.64285714285714,0.0,,,,,
e5,nasa,drop_I1,B0018,1234,1.9469262677740615,2.211417196807065,0.9178348959265897,10.236161231994629,85.60606060606061,0.0,0.0,13.636363636363635,0.0,85.60606060606061,92.42424242424242
e5,nasa,drop_I2,B0018,1234,1.9455066294594001,2.2077737383144522,0.9181054179561399,9.835370063781738,83.33333333333334,0.0,0.0,9.090909090909092,0.0,83.33333333333334,87.12121212121212
e5,nasa,drop_I3,B0018,1234,2.0094370001228565,2.2950065170548504,0.9115059867725235,10.333807945251465,86.36363636363636,0.0,0.0,15.909090909090908,0.0,86.36363636363636,93.93939393939394
e5,nasa,drop_I4,B0018,1234,2.2404252029705054,2.6896656633145772,0.8784534483530171,2.1805684566497803,0.0,0.0,0.0,11.363636363636363,0.0,0.0,11.363636363636363
e6,nasa,calib_H0,B0018,1234,4.150284646334466,4.633721235289806,0.6392504061397397,3.4361631870269775,0.0,0.0,,,,,
e6,nasa,calib_H1,B0018,1234,1.9547151639553961,2.2170117207661644,0.9174186415039938,10.442025184631348,87.12121212121212,0.0,,,,,
e6,nasa,calib_H2,B0018,1234,1.9013564863717236,2.2047879509825856,0.9183267762026006,10.445395469665527,85.60606060606061,0.0,,,,,
e5,nasa,drop_I1,B0005,2718,2.747788283273884,2.935663467673747,0.9043525957469921,16.80092430114746,91.66666666666666,0.0,0.0,11.30952380952381,0.0,91.66666666666666,96.42857142857143
e5,nasa,drop_I2,B0005,2718,2.739651310103312,2.937332274378738,0.9042438214278483,16.52197265625,91.66666666666666,0.0,0.0,11.30952380952381,0.0,91.66666666666666,96.42857142857143
e5,nasa,drop_I3,B0005,2718,2.790853822846428,2.985596780381476,0.9010711503636509,17.253793716430664,91.66666666666666,0.0,0.0,8.333333333333332,0.0,91.66666666666666,94.64285714285714
e5,nasa,drop_I4,B0005,2718,2.5936244014555223,2.8158938591550116,0.9119978641080562,5.2828145027160645,72.02380952380952,0.0,0.0,14.880952380952381,0.0,66.07142857142857,78.57142857142857
e6,nasa,calib_H0,B0005,2718,1.4755224686295292,1.9716480583551514,0.9568560958521424,5.777737140655518,0.0,0.0,,,,,
e6,nasa,calib_H1,B0005,2718,2.6777421398898684,2.8760036481982922,0.9082006688781403,16.63772964477539,91.66666666666666,0.0,,,,,
e6,nasa,calib_H2,B0005,2718,2.689294857037829,2.8864213463005943,0.9075344181374783,16.78963279724121,91.66666666666666,0.0,,,,,
e5,nasa,drop_I1,B0006,2718,2.196070569315244,2.4922804676195836,0.9606527279320104,15.728520393371582,96.42857142857143,0.0,0.0,4.761904761904762,0.0,96.42857142857143,96.42857142857143
e5,nasa,drop_I2,B0006,2718,2.169519050844446,2.4802660291099423,0.9610311732462307,14.642290115356445,94.64285714285714,0.0,0.0,8.333333333333332,0.0,94.64285714285714,94.64285714285714
e5,nasa,drop_I3,B0006,2718,2.180897306061729,2.4683585037112543,0.9614044464556856,15.794184684753418,94.04761904761905,0.0,0.0,5.952380952380952,0.0,94.04761904761905,94.04761904761905
e5,nasa,drop_I4,B0006,2718,2.285707891613462,2.657568195481081,0.9552606535199876,4.1381707191467285,57.14285714285714,0.0,0.0,15.476190476190476,0.0,57.14285714285714,58.92857142857143
e6,nasa,calib_H0,B0006,2718,2.7807110110339828,3.1901308870145533,0.9355329489540376,3.1924901008605957,0.0,0.0,,,,,
e6,nasa,calib_H1,B0006,2718,2.160328685542222,2.475727193286265,0.961173667049499,14.550007820129395,94.04761904761905,0.0,,,,,
e6,nasa,calib_H2,B0006,2718,2.196070569315244,2.4922804676195836,0.9606527279320104,15.505229949951172,95.83333333333334,0.0,,,,,
e5,nasa,drop_I1,B0007,2718,2.1987697722276103,2.364561882111755,0.913149889236972,20.382883071899414,95.23809523809523,0.0,0.0,13.690476190476192,0.0,95.23809523809523,99.40476190476191
e5,nasa,drop_I2,B0007,2718,2.199259364708096,2.363202367465262,0.9132497301884462,20.0417423248291,95.83333333333334,0.0,0.0,12.5,0.0,95.83333333333334,99.40476190476191
e5,nasa,drop_I3,B0007,2718,2.2115899572558484,2.3841701753464117,0.9117034957192767,20.558544158935547,94.64285714285714,0.0,0.0,11.30952380952381,0.0,94.64285714285714,98.80952380952381
e5,nasa,drop_I4,B0007,2718,2.0582440080985243,2.2327132091304205,0.9225654298937719,6.936818599700928,79.16666666666666,0.0,0.0,6.547619047619048,0.0,77.97619047619048,82.14285714285714
e6,nasa,calib_H0,B0007,2718,3.2114945355204956,3.988229306980022,0.7529247467580138,7.441506385803223,0.0,0.0,,,,,
e6,nasa,calib_H1,B0007,2718,2.204166945374799,2.366074226514523,0.9130387572053427,20.30025291442871,95.83333333333334,0.0,,,,,
e6,nasa,calib_H2,B0007,2718,2.2083106873221343,2.3683669104702756,0.9128701477516408,20.268136978149414,94.64285714285714,0.0,,,,,
e5,nasa,drop_I1,B0018,2718,2.0277935287520097,2.301240657790328,0.9110245646726801,15.384143829345703,90.15151515151516,0.0,0.0,12.878787878787879,0.0,90.15151515151516,94.6969696969697
e5,nasa,drop_I2,B0018,2718,1.9045563697021644,2.195526792489047,0.9190114679651501,14.192222595214844,88.63636363636364,0.0,0.0,8.333333333333332,0.0,88.63636363636364,90.15151515151516
e5,nasa,drop_I3,B0018,2718,2.0890260992358383,2.4051096610500196,0.9028112916511435,15.594870567321777,90.9090909090909,0.0,0.0,10.606060606060606,0.0,90.9090909090909,94.6969696969697
e5,nasa,drop_I4,B0018,2718,2.8820372846912043,3.3620914287965737,0.8100824567681636,2.8435916900634766,0.0,0.0,0.0,9.090909090909092,0.0,0.0,9.090909090909092
e6,nasa,calib_H0,B0018,2718,4.9815635606939495,5.398449586357973,0.510351819800539,3.6578304767608643,0.0,0.0,,,,,
e6,nasa,calib_H1,B0018,2718,1.8861422246149024,2.1591321365051095,0.9216742634300068,14.75750732421875,90.15151515151516,0.0,,,,,
e6,nasa,calib_H2,B0018,2718,1.8709503356173565,2.1533050926635204,0.9220964623489633,15.068527221679688,90.15151515151516,0.0,,,,,
e5,calce,drop_I1,CS2_33,42,3.648361326357463,4.468965942298714,0.9416376029173724,26.12199592590332,79.09930715935334,0.0,0.0,3.4642032332563506,0.0,78.17551963048498,79.56120092378754
e5,calce,drop_I2,CS2_33,42,3.583459472878251,4.441815172322886,0.9423445989184248,26.30331039428711,80.36951501154735,0.0,0.0,3.117782909930716,0.0,79.44572748267899,80.83140877598153
e5,calce,drop_I3,CS2_33,42,3.5173475263443037,4.415792881010055,0.9430181662641043,25.81346321105957,79.21478060046189,0.0,0.0,4.965357967667437,0.0,78.29099307159353,80.2540415704388
e5,calce,drop_I4,CS2_33,42,5.6367376926267605,7.499906519512218,0.8356269053159961,5.711050987243652,16.05080831408776,0.0,0.0,7.621247113163972,0.0,15.935334872979215,24.71131639722864
e6,calce,calib_H0,CS2_33,42,23.227111650390054,26.405646745174334,-1.0375705230917611,23.874595642089844,0.0,0.0,,,,,
e6,calce,calib_H1,CS2_33,42,3.63142540096368,4.46490299050014,0.9417436748002289,25.970380783081055,80.0230946882217,0.0,,,,,
e6,calce,calib_H2,CS2_33,42,3.7247660378852805,4.5166075216764,0.9403866211475655,27.12518882751465,80.0230946882217,0.0,,,,,
e5,calce,drop_I1,CS2_34,42,3.4171163759578778,4.031715532021953,0.9180377880909386,28.81606674194336,93.16129032258064,0.0,0.0,5.548387096774193,0.0,92.38709677419354,93.54838709677419
e5,calce,drop_I2,CS2_34,42,3.40479974408814,4.017232015796425,0.9186256116854042,27.472156524658203,91.09677419354838,0.0,0.0,5.67741935483871,0.0,90.32258064516128,91.48387096774194
e5,calce,drop_I3,CS2_34,42,3.40624125353674,4.0239124507942865,0.9183547444258384,28.14179229736328,94.19354838709677,0.0,0.0,5.806451612903226,0.0,93.16129032258064,94.19354838709677
e5,calce,drop_I4,CS2_34,42,3.911778668083855,4.8977686433901795,0.8790431580031753,6.404862880706787,62.83870967741936,0.0,0.0,15.354838709677418,0.0,62.70967741935484,63.61290322580645
e6,calce,calib_H0,CS2_34,42,27.867267772311198,30.236735084212025,-3.6100294148905716,27.94411277770996,0.0,0.0,,,,,
e6,calce,calib_H1,CS2_34,42,3.4190880743545007,4.0330097233718405,0.9179851594716965,27.883787155151367,92.38709677419354,0.0,,,,,
e6,calce,calib_H2,CS2_34,42,3.4347655645397155,4.052773371447587,0.9171793671855204,27.4775447845459,93.93548387096774,0.0,,,,,
e5,calce,drop_I1,CS2_35,42,3.255853258265174,3.638965379616427,0.9475288253345148,19.264915466308594,78.32618025751073,0.0,0.0,6.115879828326181,0.0,77.57510729613733,78.32618025751073
e5,calce,drop_I2,CS2_35,42,3.260242928657734,3.6479111784971896,0.9472705246947608,19.470579147338867,77.57510729613733,0.0,0.0,4.07725321888412,0.0,76.82403433476395,77.6824034334764
e5,calce,drop_I3,CS2_35,42,3.406080685970476,3.864444007141375,0.9408249031584652,19.097537994384766,78.43347639484979,0.0,0.0,15.879828326180256,0.0,77.25321888412017,78.86266094420601
e5,calce,drop_I4,CS2_35,42,4.31664500042612,5.8142640302547495,0.8660463850466504,4.6340155601501465,12.98283261802575,0.0,0.6437768240343348,15.343347639484978,0.0,9.656652360515022,25.321888412017167
e6,calce,calib_H0,CS2_35,42,21.56464180185642,24.087399495909803,-1.2990306984111064,21.664785385131836,0.0,0.0,,,,,
e6,calce,calib_H1,CS2_35,42,3.255869777944059,3.6454930368142078,0.947340408567825,19.13953971862793,77.8969957081545,0.0,,,,,
e6,calce,calib_H2,CS2_35,42,3.343020331245265,3.7562154087446022,0.9440930346803178,20.37200164794922,79.82832618025752,0.0,,,,,
e5,calce,drop_I1,CS2_36,42,3.9244581016944418,4.505908696877634,0.9348678138590312,22.805723190307617,75.12846865364851,0.0,0.0,3.28879753340185,0.0,75.12846865364851,75.43679342240493
e5,calce,drop_I2,CS2_36,42,4.032842146701909,4.632723258602817,0.9311500552082309,21.686967849731445,75.53956834532374,0.0,0.0,4.72764645426516,0.0,74.92291880781089,75.53956834532374
e5,calce,drop_I3,CS2_36,42,4.285220042639511,4.944152078348427,0.9215822237877935,19.7291202545166,74.92291880781089,0.0,0.0,3.802672147995889,0.0,74.10071942446042,74.92291880781089
e5,calce,drop_I4,CS2_36,42,5.672712558188578,7.543924672088387,0.8174316178411017,6.23410701751709,35.66289825282631,0.0,0.0,10.071942446043165,0.0,35.45734840698869,46.45426515930113
e6,calce,calib_H0,CS2_36,42,21.134099959452808,24.03251750539974,-0.8528037253746554,21.276823043823242,0.0,0.0,,,,,
e6,calce,calib_H1,CS2_36,42,3.9202793121161092,4.500668796191955,0.9350192096238769,22.57379722595215,75.12846865364851,0.0,,,,,
e6,calce,calib_H2,CS2_36,42,4.049238471471691,4.651733373105017,0.9305838522875401,21.819061279296875,75.23124357656732,0.0,,,,,
e5,calce,drop_I1,CS2_37,42,3.744516187822477,4.03741346136903,0.9347352028411182,18.88924217224121,75.89199614271939,0.0,0.0,9.35390549662488,0.0,75.02410800385728,76.56702025072323
e5,calce,drop_I2,CS2_37,42,3.6924207995959004,3.968497720139573,0.9369442334747738,18.163606643676758,75.40983606557377,0.0,0.0,7.81099324975892,0.0,74.54194792671167,75.69913211186113
e5,calce,drop_I3,CS2_37,42,3.912697528412461,4.287488020300135,0.9263999044146828,19.98479652404785,76.374156219865,0.0,0.0,3.085824493731919,0.0,75.50626808100289,76.75988428158148
e5,calce,drop_I4,CS2_37,42,4.789585392524051,6.543588244168418,0.8285630363642779,4.81941032409668,5.689488910318226,0.0,0.0,16.200578592092572,0.0,2.1215043394406945,19.18997107039537
e6,calce,calib_H0,CS2_37,42,20.770481612926332,23.320992525588835,-1.1775422925977255,20.89898681640625,0.0,0.0,,,,,
e6,calce,calib_H1,CS2_37,42,3.88605648973805,4.249837116249039,0.9276868784032466,19.8553409576416,77.53134040501446,0.0,,,,,
e6,calce,calib_H2,CS2_37,42,3.658569180512456,3.9183403324979285,0.9385280700627214,20.049753189086914,77.91706846673095,0.0,,,,,
e5,calce,drop_I1,CS2_38,42,3.797837011454783,4.079613116893873,0.933838689570952,20.032238006591797,78.62453531598513,0.0,0.0,4.646840148698884,0.0,77.78810408921933,78.81040892193309
e5,calce,drop_I2,CS2_38,42,3.759837560364065,4.030501716422676,0.9354220342315548,19.951658248901367,78.62453531598513,0.0,0.0,4.182156133828997,0.0,78.15985130111525,78.90334572490706
e5,calce,drop_I3,CS2_38,42,3.8202575007707087,4.110262245720375,0.9328408480605997,20.69876480102539,79.92565055762083,0.0,0.0,4.646840148698884,0.0,79.46096654275094,79.92565055762083
e5,calce,drop_I4,CS2_38,42,5.0183263263564655,6.418748081581874,0.8362177617635621,5.944091796875,39.869888475836426,0.0,0.0,14.312267657992564,0.0,38.940520446096656,42.84386617100372
e6,calce,calib_H0,CS2_38,42,21.343005436957945,23.76777018143221,-1.2456549076637393,21.481861114501953,0.0,0.0,,,,,
e6,calce,calib_H1,CS2_38,42,3.776590250215625,4.051309377314766,0.9347535393352755,20.03860855102539,79.83271375464685,0.0,,,,,
e6,calce,calib_H2,CS2_38,42,3.949263537571744,4.300094646548218,0.9264941051683195,19.238744735717773,78.43866171003717,0.0,,,,,
e5,calce,drop_I1,CS2_33,123,3.8071567443682777,4.569084208472739,0.9389933250009009,26.33298683166504,80.0230946882217,0.0,0.0,4.041570438799076,0.0,79.21478060046189,80.13856812933025
e5,calce,drop_I2,CS2_33,123,4.192184414824744,4.915452398284652,0.9293932826664805,24.804492950439453,77.7136258660508,0.0,0.0,4.272517321016166,0.0,76.78983833718245,78.52193995381063
e5,calce,drop_I3,CS2_33,123,3.6378839938643384,4.454433731136489,0.9420165521886215,26.978145599365234,80.4849884526559,0.0,0.0,2.5404157043879905,1.9630484988452657,77.59815242494227,80.60046189376443
e5,calce,drop_I4,CS2_33,123,6.4399661220814055,8.273797582624557,0.7999544869861395,6.495081901550293,14.087759815242496,0.0,0.0,10.739030023094688,0.3464203233256351,12.933025404157044,24.82678983833718
e6,calce,calib_H0,CS2_33,123,21.401789441699645,24.762709011762514,-0.7919064789396213,22.17205238342285,0.0,0.0,,,,,
e6,calce,calib_H1,CS2_33,123,3.653684315747689,4.468684867171413,0.941644944079749,26.24001693725586,79.33025404157044,0.0,,,,,
e6,calce,calib_H2,CS2_33,123,3.784834103879648,4.553248243004665,0.9394154776051377,26.923219680786133,80.13856812933025,0.0,,,,,
e5,calce,drop_I1,CS2_34,123,3.479718285432141,4.09808708337675,0.9153169927394071,25.722835540771484,92.38709677419354,0.0,0.0,7.741935483870968,0.0,91.87096774193549,92.64516129032258
e5,calce,drop_I2,CS2_34,123,3.5637813631665645,4.1887842293803415,0.9115271767606138,25.235502243041992,91.48387096774194,0.0,0.0,4.774193548387097,0.0,91.09677419354838,91.87096774193549
e5,calce,drop_I3,CS2_34,123,3.4087206100454672,4.024281974174431,0.9183397484653361,28.22397232055664,91.35483870967742,0.0,0.0,3.870967741935484,0.0,91.09677419354838,91.48387096774194
e5,calce,drop_I4,CS2_34,123,3.7483635070034564,4.561094286343256,0.895100840929402,6.350245952606201,68.7741935483871,0.0,0.0,14.580645161290324,0.0,68.64516129032258,69.54838709677419
e6,calce,calib_H0,CS2_34,123,23.6789759545056,26.23427658857003,-2.470340532183458,23.763553619384766,0.0,0.0,,,,,
e6,calce,calib_H1,CS2_34,123,3.45540736695461,4.0780062906750185,0.916144859798119,25.600866317749023,93.03225806451613,0.0,,,,,
e6,calce,calib_H2,CS2_34,123,3.441057121808852,4.062442708404091,0.9167836994025985,25.734251022338867,92.51612903225806,0.0,,,,,
e5,calce,drop_I1,CS2_35,123,3.9230388664628153,4.700676592023161,0.9124440459995374,17.956409454345703,76.82403433476395,0.0,0.0,6.223175965665236,0.0,76.07296137339056,76.82403433476395
e5,calce,drop_I2,CS2_35,123,3.890905053911488,4.6414762414144,0.9146355193100633,17.028709411621094,75.7510729613734,0.0,0.0,8.369098712446352,0.0,74.89270386266095,75.7510729613734
e5,calce,drop_I3,CS2_35,123,3.8281708392614346,4.57488692183749,0.9170673262628103,16.972461700439453,75.7510729613734,0.0,0.0,10.515021459227468,0.0,74.46351931330472,76.50214592274678
e5,calce,drop_I4,CS2_35,123,5.393958999807458,7.602426285774831,0.7709821280379374,5.698500156402588,11.373390557939913,0.0,0.3218884120171674,11.802575107296137,0.0,9.871244635193133,22.21030042918455
e6,calce,calib_H0,CS2_35,123,18.10718947002495,20.311522635903877,-0.6347445623707884,18.50012969970703,0.0,0.0,,,,,
e6,calce,calib_H1,CS2_35,123,3.872019775192905,4.608298075120272,0.9158515609750645,18.05385398864746,77.6824034334764,0.0,,,,,
e6,calce,calib_H2,CS2_35,123,3.959476305815074,4.767019024065839,0.9099551851599783,17.52747344970703,77.03862660944206,0.0,,,,,
e5,calce,drop_I1,CS2_36,123,4.209872755680984,4.865498165101308,0.9240573921125106,22.071727752685547,72.4563206577595,0.0,0.0,2.5693730729701953,0.0,72.3535457348407,72.86742034943474
e5,calce,drop_I2,CS2_36,123,4.859781182812729,5.749320577195947,0.8939614132298612,16.82994270324707,74.40904419321686,0.0,0.0,4.316546762589928,0.0,73.58684480986639,74.61459403905447
e5,calce,drop_I3,CS2_36,123,4.601937973473821,5.3820543281952,0.90707618418238,19.640186309814453,73.17574511819116,0.0,0.0,1.7471736896197325,0.0,72.86742034943474,73.6896197327852
e5,calce,drop_I4,CS2_36,123,6.693702146994563,9.063357248928522,0.7364827326146466,7.216858386993408,34.53237410071942,0.0,0.0,6.166495375128469,0.0,34.326824254881814,41.62384378211716
e6,calce,calib_H0,CS2_36,123,19.80389816308299,22.122372077924897,-0.5699805264414346,19.976173400878906,0.0,0.0,,,,,
e6,calce,calib_H1,CS2_36,123,4.5679488497994925,5.327406270030322,0.908953655074502,20.241825103759766,74.30626927029805,0.0,,,,,
e6,calce,calib_H2,CS2_36,123,4.721347611606423,5.551433679152415,0.9011353137885402,19.337862014770508,72.76464542651593,0.0,,,,,
e5,calce,drop_I1,CS2_37,123,4.449325342909754,5.108049853644708,0.8955321170740791,16.25551986694336,75.12054001928641,0.0,0.0,7.425265188042431,0.0,74.44551591128254,76.08486017357762
e5,calce,drop_I2,CS2_37,123,4.544292364269679,5.284718449434864,0.8881808340809844,16.795835494995117,73.67405978784957,0.0,0.0,4.532304725168756,0.0,73.19189971070395,74.25265188042431
e5,calce,drop_I3,CS2_37,123,4.359710551394568,4.991812781519581,0.9002324938130003,18.17391586303711,75.40983606557377,0.0,0.0,4.339440694310511,0.0,74.92767598842815,76.08486017357762
e5,calce,drop_I4,CS2_37,123,5.386564501738693,7.504243123742412,0.774531263515016,5.5281829833984375,15.043394406943106,0.0,0.0,12.632594021215043,0.0,12.729026036644168,22.372227579556416
e6,calce,calib_H0,CS2_37,123,19.26314675283746,21.589944439165343,-0.8662747857529605,19.434158325195312,0.0,0.0,,,,,
e6,calce,calib_H1,CS2_37,123,4.414637310546618,5.061735491056655,0.897417936116669,17.392723083496094,75.50626808100289,0.0,,,,,
e6,calce,calib_H2,CS2_37,123,4.18410994750929,4.697060799248409,0.9116666090009988,17.258983612060547,76.27772420443587,0.0,,,,,
e5,calce,drop_I1,CS2_38,123,4.414263152857333,5.063231976838395,0.8980888293138272,19.186307907104492,76.48698884758365,0.0,0.0,5.297397769516729,0.0,75.74349442379183,76.76579925650557
e5,calce,drop_I2,CS2_38,123,4.654096796000361,5.491938622072982,0.880100467594135,15.523877143859863,73.3271375464684,0.0,0.0,12.732342007434944,0.0,72.11895910780669,73.51301115241635
e5,calce,drop_I3,CS2_38,123,4.412791150910119,5.091798042328738,0.8969356475162239,15.833990097045898,76.76579925650557,0.0,0.0,11.524163568773234,0.2788104089219331,75.27881040892194,77.23048327137546
e5,calce,drop_I4,CS2_38,123,5.635647992883916,7.426083179195008,0.7807771808171765,6.699795722961426,40.520446096654275,0.0,0.0,12.9182156133829,0.0,40.05576208178439,44.05204460966542
e6,calce,calib_H0,CS2_38,123,19.827354707949784,22.19984054116768,-0.9591417041578065,20.110395431518555,0.0,0.0,,,,,
e6,calce,calib_H1,CS2_38,123,4.525564499300344,5.25529012406575,0.8902108221169514,17.428159713745117,77.88104089219331,0.0,,,,,
e6,calce,calib_H2,CS2_38,123,4.541479348212682,5.2874979291252515,0.8888609807158453,16.30139923095703,75.55762081784387,0.0,,,,,
e5,calce,drop_I1,CS2_33,2024,4.0869268275929045,4.806256655153538,0.932495465276817,26.108427047729492,79.90762124711316,0.0,0.0,4.849884526558892,0.0,78.9838337182448,80.36951501154735
e5,calce,drop_I2,CS2_33,2024,3.6749203545332634,4.48762167595896,0.9411493172879769,26.26810646057129,80.0230946882217,0.0,0.0,4.041570438799076,0.0,79.44572748267899,80.4849884526559
e5,calce,drop_I3,CS2_33,2024,4.01101500213652,4.735524071282102,0.9344677426235747,26.870471954345703,79.90762124711316,0.0,0.0,4.387990762124711,0.0,79.09930715935334,80.36951501154735
e5,calce,drop_I4,CS2_33,2024,5.887878980104715,7.327721889694222,0.8430877003016669,5.842930316925049,10.739030023094688,0.0,0.3464203233256351,11.662817551963048,0.0,10.392609699769054,22.401847575057737
e6,calce,calib_H0,CS2_33,2024,22.83329567648643,26.150526523153538,-0.9983884282825672,23.130165100097656,0.0,0.0,,,,,
e6,calce,calib_H1,CS2_33,2024,4.164163278014937,4.884333591934721,0.9302844485515803,26.11995506286621,79.67667436489607,0.0,,,,,
e6,calce,calib_H2,CS2_33,2024,4.085683215968889,4.8055637799843955,0.9325149269277039,26.428356170654297,79.90762124711316,0.0,,,,,
e5,calce,drop_I1,CS2_34,2024,3.444508899268422,4.064296919858486,0.9167077176141144,29.625457763671875,93.41935483870968,0.0,0.0,3.483870967741935,0.0,93.03225806451613,93.54838709677419
e5,calce,drop_I2,CS2_34,2024,3.4237035565280025,4.039990941478464,0.9177009751586046,28.91872787475586,92.38709677419354,0.0,0.0,3.483870967741935,0.0,91.74193548387096,92.38709677419354
e5,calce,drop_I3,CS2_34,2024,3.4176174351369113,4.031946500958526,0.9180283969188556,29.133831024169922,93.16129032258064,0.0,0.0,2.967741935483871,0.7741935483870968,91.74193548387096,93.16129032258064
e5,calce,drop_I4,CS2_34,2024,3.757380144534652,4.860602588959275,0.8808719221593604,5.565098762512207,42.58064516129032,0.0,0.0,14.451612903225808,0.0,42.064516129032256,43.612903225806456
e6,calce,calib_H0,CS2_34,2024,24.841471462693356,27.27976773605514,-2.752452844435894,24.932218551635742,0.0,0.0,,,,,
e6,calce,calib_H1,CS2_34,2024,3.4367343753308983,4.053993113995412,0.9171295074760641,30.00545883178711,93.29032258064515,0.0,,,,,
e6,calce,calib_H2,CS2_34,2024,3.439408954133902,4.05616523147684,0.9170406801577304,30.04936981201172,93.54838709677419,0.0,,,,,
e5,calce,drop_I1,CS2_35,2024,3.6516189784085737,4.237046808901972,0.9288636688072809,22.051485061645508,80.25751072961373,0.0,0.0,2.682403433476395,0.0,79.6137339055794,80.25751072961373
e5,calce,drop_I2,CS2_35,2024,3.622415989165954,4.191404932746138,0.930387989102349,21.52963638305664,80.47210300429185,0.0,0.0,2.682403433476395,0.0,79.82832618025752,80.47210300429185
e5,calce,drop_I3,CS2_35,2024,3.592934176231516,4.143846289290933,0.9319587608868495,22.447568893432617,80.15021459227468,0.0,0.0,3.648068669527897,0.0,79.50643776824035,80.15021459227468
e5,calce,drop_I4,CS2_35,2024,3.721518218049957,4.870979767392409,0.9059849047327763,4.022311210632324,14.05579399141631,0.0,0.3218884120171674,17.381974248927037,0.0,10.193133047210301,28.11158798283262
e6,calce,calib_H0,CS2_35,2024,20.69339125417991,23.350808459824353,-1.16057219176693,20.761577606201172,0.0,0.0,,,,,
e6,calce,calib_H1,CS2_35,2024,3.5867076699587828,4.13584845455978,0.9322211535516834,21.98100471496582,80.04291845493562,0.0,,,,,
e6,calce,calib_H2,CS2_35,2024,3.322065258494806,3.735284127491266,0.9447143749613076,22.82369041442871,80.47210300429185,0.0,,,,,
e5,calce,drop_I1,CS2_36,2024,4.2425820431372445,4.891316709388609,0.9232492817097873,22.72598648071289,74.71736896197328,0.0,0.0,1.9527235354573484,0.0,74.71736896197328,75.0256937307297
e5,calce,drop_I2,CS2_36,2024,4.3015482411052135,4.96946251984089,0.9207772854129731,22.87015724182129,74.61459403905447,0.0,0.0,1.9527235354573484,0.0,74.51181911613565,74.82014388489209
e5,calce,drop_I3,CS2_36,2024,4.2209080625102855,4.866599202567233,0.92402301737241,22.887054443359375,74.61459403905447,0.0,0.0,1.644398766700925,0.0,74.61459403905447,75.0256937307297
e5,calce,drop_I4,CS2_36,2024,5.609087993162657,7.333141631073373,0.8274912904078106,6.189721584320068,35.45734840698869,0.0,0.0,9.660842754367934,0.0,35.14902363823227,46.45426515930113
e6,calce,calib_H0,CS2_36,2024,20.278980921212998,22.796708609870862,-0.6671519193315227,20.393281936645508,0.0,0.0,,,,,
e6,calce,calib_H1,CS2_36,2024,4.186047481760511,4.8223927719175235,0.9253970432972116,22.79317283630371,74.61459403905447,0.0,,,,,
e6,calce,calib_H2,CS2_36,2024,4.306706903521034,4.976137183181867,0.9205643287554961,22.57124137878418,74.61459403905447,0.0,,,,,
e5,calce,drop_I1,CS2_37,2024,3.798499422773479,4.113382773496811,0.9322560073727053,21.746294021606445,78.20636451301833,0.0,0.0,1.9286403085824495,0.0,77.43490838958535,78.5920925747348
e5,calce,drop_I2,CS2_37,2024,3.6182970011672686,3.8616320472819847,0.9402945028181053,21.3034610748291,79.17068466730954,0.0,0.0,4.628736740597879,0.0,78.20636451301833,79.26711668273867
e5,calce,drop_I3,CS2_37,2024,3.790862457515232,4.101321701679717,0.9326526965819206,19.16170883178711,78.01350048216008,0.0,0.0,10.511089681774349,0.0,76.95274831243974,78.39922854387656
e5,calce,drop_I4,CS2_37,2024,4.581637079346058,6.086975184574667,0.8516540815926368,4.711361885070801,12.729026036644168,0.0,0.0,16.48987463837994,0.0,6.171648987463838,21.504339440694313
e6,calce,calib_H0,CS2_37,2024,20.641285754837373,23.25534724410574,-1.1653006016734309,20.689165115356445,0.0,0.0,,,,,
e6,calce,calib_H1,CS2_37,2024,3.815394613312144,4.140838543711747,0.9313486418361938,21.458091735839844,78.1099324975892,0.0,,,,,
e6,calce,calib_H2,CS2_37,2024,3.820743198255161,4.147683790058963,0.9311214782410067,21.512636184692383,77.72420443587271,0.0,,,,,
e5,calce,drop_I1,CS2_38,2024,3.8570749323092306,4.1607491168412984,0.9311808666922543,22.268451690673828,80.48327137546468,0.0,0.0,2.6022304832713754,0.0,79.73977695167285,80.48327137546468
e5,calce,drop_I2,CS2_38,2024,3.737422633739963,4.000279233518708,0.9363868714773627,22.035724639892578,80.0185873605948,0.0,0.0,4.368029739776952,0.0,79.27509293680298,80.0185873605948
e5,calce,drop_I3,CS2_38,2024,3.89468277833886,4.215209864436896,0.9293675056545886,21.840028762817383,80.29739776951673,0.0,0.0,5.111524163568773,0.0,79.36802973977694,80.29739776951673
e5,calce,drop_I4,CS2_38,2024,4.849632863133501,6.270642767712406,0.843688741437376,5.492105960845947,35.31598513011153,0.0,0.0,13.847583643122677,0.0,34.75836431226766,39.498141263940525
e6,calce,calib_H0,CS2_38,2024,20.080069337338013,22.299971898082788,-0.9768547979210027,20.148143768310547,0.0,0.0,,,,,
e6,calce,calib_H1,CS2_38,2024,4.009510387673784,4.38587750879541,0.9235321048198409,22.489639282226562,80.11152416356877,0.0,,,,,
e6,calce,calib_H2,CS2_38,2024,4.01546458431067,4.39566096984206,0.9231905744971995,22.66499900817871,80.0185873605948,0.0,,,,,
e5,calce,drop_I1,CS2_33,7,4.008226218834097,4.731486515608294,0.9345794419149284,25.638105392456055,78.40646651270208,0.0,0.0,1.5011547344110854,0.0,77.94457274826789,78.63741339491916
e5,calce,drop_I2,CS2_33,7,4.005748815149738,4.730897199446201,0.9345957374242294,26.103090286254883,79.44572748267899,0.0,0.0,1.8475750577367205,1.3856812933025404,77.13625866050808,79.56120092378754
e5,calce,drop_I3,CS2_33,7,4.003795378265723,4.728129356624329,0.9346722454331899,25.176734924316406,79.67667436489607,0.0,0.0,1.3856812933025404,0.0,78.9838337182448,79.90762124711316
e5,calce,drop_I4,CS2_33,7,6.370590646926334,8.335836920162594,0.7969432408288982,6.517497539520264,14.780600461893764,0.0,0.3464203233256351,12.35565819861432,0.0,14.434180138568129,27.136258660508084
e6,calce,calib_H0,CS2_33,7,22.670022100318135,25.90762381643346,-0.9614362436878372,22.906469345092773,0.0,0.0,,,,,
e6,calce,calib_H1,CS2_33,7,4.105761844786254,4.824763442263074,0.9319746036662808,25.786346435546875,78.86836027713626,0.0,,,,,
e6,calce,calib_H2,CS2_33,7,4.2237321570276505,4.952354433116924,0.9283291641875888,25.621402740478516,78.75288683602771,0.0,,,,,
e5,calce,drop_I1,CS2_34,7,3.4519862171826725,4.074518201540075,0.9162882480576517,28.123594284057617,93.29032258064515,0.0,0.0,1.1612903225806452,0.0,93.16129032258064,93.54838709677419
e5,calce,drop_I2,CS2_34,7,3.4246246103804268,4.037054996067291,0.9178205485193912,28.43618392944336,93.93548387096774,0.0,0.0,8.129032258064516,0.0,93.29032258064515,94.19354838709677
e5,calce,drop_I3,CS2_34,7,3.4134228564805915,4.033583713347799,0.9179618126168416,28.39156723022461,90.83870967741936,0.0,0.0,1.1612903225806452,0.0,90.70967741935483,90.96774193548387
e5,calce,drop_I4,CS2_34,7,3.85772208118646,4.736454981337972,0.8868796515405999,6.421595096588135,72.25806451612902,0.0,0.0,17.806451612903228,0.0,72.12903225806451,73.16129032258064
e6,calce,calib_H0,CS2_34,7,24.129605304062405,26.604595468797953,-2.5690055728952728,24.312902450561523,0.0,0.0,,,,,
e6,calce,calib_H1,CS2_34,7,3.4667252710672107,4.087980080145317,0.915734180553868,27.613784790039062,93.54838709677419,0.0,,,,,
e6,calce,calib_H2,CS2_34,7,3.4604964846699473,4.0827837186796865,0.9159482703241825,27.3913516998291,93.54838709677419,0.0,,,,,
e5,calce,drop_I1,CS2_35,7,3.5434142923632157,4.065616332378371,0.9345035556363026,20.550369262695312,79.29184549356223,0.0,0.0,1.502145922746781,0.0,78.64806866952789,79.29184549356223
e5,calce,drop_I2,CS2_35,7,3.5287113607886593,4.052065814581227,0.9349394215152875,17.764204025268555,79.07725321888412,0.0,0.0,10.300429184549357,0.0,78.11158798283262,79.18454935622317
e5,calce,drop_I3,CS2_35,7,3.494474972937611,3.984620620729616,0.9370872172242182,20.3679256439209,80.68669527896995,0.0,0.0,1.0729613733905579,0.0,80.04291845493562,80.68669527896995
e5,calce,drop_I4,CS2_35,7,4.9954576116321165,7.160911647011772,0.7968103558034155,5.292960166931152,10.836909871244634,0.0,0.3218884120171674,14.27038626609442,0.0,8.798283261802576,22.746781115879827
e6,calce,calib_H0,CS2_35,7,19.37840831145811,21.720665857765887,-0.8694386116986126,19.6810245513916,0.0,0.0,,,,,
e6,calce,calib_H1,CS2_35,7,3.576880873464135,4.117426739225914,0.9328236040007423,20.63784408569336,79.07725321888412,0.0,,,,,
e6,calce,calib_H2,CS2_35,7,3.553843074436446,4.078966013858087,0.9340727269016001,20.632644653320312,80.68669527896995,0.0,,,,,
e5,calce,drop_I1,CS2_36,7,4.1502448872838205,4.774428708646898,0.9268736820573147,22.57430076599121,75.0256937307297,0.0,0.0,1.3360739979445015,0.0,75.0256937307297,75.33401849948612
e5,calce,drop_I2,CS2_36,7,4.69565267546452,5.506241729530792,0.902738396001994,19.631174087524414,74.61459403905447,0.0,0.0,1.5416238437821173,0.0,74.10071942446042,74.82014388489209
e5,calce,drop_I3,CS2_36,7,4.200074707202977,4.8385846806081,0.9248952209525744,22.473438262939453,75.0256937307297,0.0,0.0,1.4388489208633095,0.0,75.0256937307297,75.33401849948612
e5,calce,drop_I4,CS2_36,7,5.9127773535056685,7.816022162234686,0.8040242004765292,6.600808620452881,37.30729701952723,0.0,0.0,8.633093525179856,0.0,36.99897225077081,46.659815005138746
e6,calce,calib_H0,CS2_36,7,19.529172291933953,22.184382551511554,-0.5787943807793923,19.92420768737793,0.0,0.0,,,,,
e6,calce,calib_H1,CS2_36,7,4.23421933106232,4.880658555045907,0.9235833961489818,22.362401962280273,74.61459403905447,0.0,,,,,
e6,calce,calib_H2,CS2_36,7,4.168871762858608,4.795835730958463,0.926216461589168,22.25285530090332,75.12846865364851,0.0,,,,,
e5,calce,drop_I1,CS2_37,7,3.954293820868286,4.351953731823879,0.9241699961325001,20.484661102294922,78.30279652844744,0.0,0.0,1.1571841851494697,0.0,77.53134040501446,78.5920925747348
e5,calce,drop_I2,CS2_37,7,3.660652023310113,3.9364881878054883,0.9379573349979449,16.093013763427734,77.33847637415622,0.0,0.0,11.475409836065573,0.0,76.08486017357762,77.72420443587271
e5,calce,drop_I3,CS2_37,7,3.889559583234095,4.2505061725823445,0.9276641079492074,20.27299690246582,78.1099324975892,0.0,0.0,0.9643201542912248,0.0,77.62777242044359,78.49566055930569
e5,calce,drop_I4,CS2_37,7,4.967768718881818,6.479229666793377,0.8319187426618881,5.1402764320373535,15.139826422372227,0.0,0.0,16.972034715525556,0.0,8.19672131147541,24.59016393442623
e6,calce,calib_H0,CS2_37,7,19.863131003153534,22.408085644557417,-1.0103980327169757,19.952587127685547,0.0,0.0,,,,,
e6,calce,calib_H1,CS2_37,7,3.918263783202566,4.293885488849419,0.9261800994467104,19.96022605895996,78.39922854387656,0.0,,,,,
e6,calce,calib_H2,CS2_37,7,4.004737413619547,4.424535272222534,0.921619530162695,19.596357345581055,78.30279652844744,0.0,,,,,
e5,calce,drop_I1,CS2_38,7,4.012879178398836,4.390431661112264,0.9233732188294407,20.121334075927734,79.92565055762083,0.0,0.0,2.509293680297398,0.0,79.182156133829,79.92565055762083
e5,calce,drop_I2,CS2_38,7,3.9307720506993515,4.269850101197529,0.9275244704624863,18.239580154418945,80.11152416356877,0.0,0.2788104089219331,11.802973977695167,0.0,79.182156133829,80.29739776951673
e5,calce,drop_I3,CS2_38,7,3.951887141699917,4.298139905042203,0.9265609187513348,20.579214096069336,80.20446096654274,0.0,0.0,1.858736059479554,0.0,79.92565055762083,80.20446096654274
e5,calce,drop_I4,CS2_38,7,5.560708539135501,7.331232893084378,0.7863415016618712,6.486279487609863,37.0817843866171,0.0,0.2788104089219331,13.104089219330856,0.0,35.687732342007436,40.14869888475837
e6,calce,calib_H0,CS2_38,7,19.75857239586861,22.153643532964914,-0.9509963920358879,20.050701141357422,0.0,0.0,,,,,
e6,calce,calib_H1,CS2_38,7,3.9645774866968297,4.322767793143804,0.9257169112501049,18.935932159423828,79.182156133829,0.0,,,,,
e6,calce,calib_H2,CS2_38,7,4.073469112914799,4.484821411143395,0.9200430080588418,20.790611267089844,79.92565055762083,0.0,,,,,
e5,calce,drop_I1,CS2_33,99,5.19326700022163,6.335652633426641,0.8826989911442065,22.11757469177246,74.364896073903,0.0,0.0,3.0023094688221708,2.886836027713626,71.0161662817552,74.5958429561201
e5,calce,drop_I2,CS2_33,99,5.611525995341703,7.091287433569898,0.8530501288908149,19.40460968017578,72.40184757505773,0.0,0.0,2.3094688221709005,0.0,71.82448036951502,72.74826789838336
e5,calce,drop_I3,CS2_33,99,5.079026480916518,6.119089965154384,0.8905810084012422,22.49730110168457,74.01847575057737,0.0,0.0,2.655889145496536,0.0,73.094688221709,74.13394919168591
e5,calce,drop_I4,CS2_33,99,6.5498830302951765,9.260869770830599,0.7493760414213588,6.576943874359131,9.930715935334874,0.0,0.0,7.274826789838337,0.0,9.930715935334874,17.321016166281755
e6,calce,calib_H0,CS2_33,99,19.344502032545776,21.60347290499934,-0.3638486442215205,19.679134368896484,0.0,0.0,,,,,
e6,calce,calib_H1,CS2_33,99,5.249125880241686,6.395895278995678,0.8804576690322672,22.28360366821289,71.70900692840647,0.0,,,,,
e6,calce,calib_H2,CS2_33,99,5.4634627796916435,6.7787841472513755,0.8657165033312391,22.333349227905273,72.51732101616628,0.0,,,,,
e5,calce,drop_I1,CS2_34,99,3.740036335767084,4.611316929606758,0.892778013265583,21.626270294189453,88.77419354838709,0.0,0.0,2.193548387096774,4.129032258064516,84.38709677419355,89.16129032258064
e5,calce,drop_I2,CS2_34,99,3.7536700728151646,4.552083401377468,0.8955149084733072,21.69195556640625,86.83870967741936,0.0,0.0,3.483870967741935,1.1612903225806452,85.29032258064517,87.09677419354838
e5,calce,drop_I3,CS2_34,99,3.6111434915581353,4.261263556746516,0.9084389639096218,25.62635040283203,89.6774193548387,0.0,0.0,2.967741935483871,1.1612903225806452,88.12903225806453,89.80645161290323
e5,calce,drop_I4,CS2_34,99,4.125942800754635,5.510872260890804,0.8468649532377672,6.322690963745117,54.32258064516129,0.0,0.0,14.32258064516129,0.0,54.19354838709678,55.87096774193549
e6,calce,calib_H0,CS2_34,99,19.85672058141476,22.316655845140765,-1.511262657366634,20.158117294311523,0.0,0.0,,,,,
e6,calce,calib_H1,CS2_34,99,3.741764226893568,4.476805766568062,0.8989420670021817,22.587554931640625,88.51612903225806,0.0,,,,,
e6,calce,calib_H2,CS2_34,99,3.7947514150150123,4.6836786733686635,0.8893865109401865,21.217737197875977,87.74193548387098,0.0,,,,,
e5,calce,drop_I1,CS2_35,99,4.714703394124981,6.1884911171122825,0.8482479792304667,18.15146827697754,71.35193133047211,0.0,0.0,2.2532188841201717,0.0,70.60085836909872,71.56652360515021
e5,calce,drop_I2,CS2_35,99,5.082342328778097,6.888475499318165,0.8119769144899084,15.772065162658691,67.7038626609442,0.0,0.0,4.6137339055794,0.0,66.52360515021459,68.34763948497854
e5,calce,drop_I3,CS2_35,99,4.5954684076818495,5.944084122894518,0.8599978086698723,18.94133949279785,72.3175965665236,0.0,0.0,3.111587982832618,0.0,72.3175965665236,73.39055793991416
e5,calce,drop_I4,CS2_35,99,5.704163091811204,8.404944234876446,0.7200795601966592,5.9849419593811035,10.622317596566523,0.0,0.3218884120171674,11.802575107296137,0.0,9.334763948497853,21.244635193133046
e6,calce,calib_H0,CS2_35,99,16.058939609101103,17.448554394325953,-0.20637920520165332,16.188352584838867,0.0,0.0,,,,,
e6,calce,calib_H1,CS2_35,99,4.81432104811864,6.344043136455037,0.8405233171003239,18.046730041503906,71.03004291845494,0.0,,,,,
e6,calce,calib_H2,CS2_35,99,4.716284225767261,6.1754713935794365,0.8488858377800953,18.13047218322754,72.21030042918454,0.0,,,,,
e5,calce,drop_I1,CS2_36,99,5.929827290915279,7.469141624563186,0.8210332838931501,18.61420249938965,71.73689619732785,0.0,0.0,3.0832476875642345,0.0,71.63412127440904,72.55909558067832
e5,calce,drop_I2,CS2_36,99,6.22317220578172,7.988033781534487,0.7953033824724046,16.337970733642578,69.06474820143885,0.0,0.0,2.774922918807811,0.0,68.75642343268242,69.98972250770812
e5,calce,drop_I3,CS2_36,99,5.692410073609362,7.071170228487696,0.8395966384772143,19.21473503112793,72.86742034943474,0.0,0.0,2.2610483042137717,0.0,72.86742034943474,73.17574511819116
e5,calce,drop_I4,CS2_36,99,6.88951313757027,9.666371935837477,0.7002509027464066,7.524813175201416,37.92394655704008,0.0,0.0,7.399794450154163,0.0,37.718396711202466,45.83761562178829
e6,calce,calib_H0,CS2_36,99,17.103079313342764,18.68116018209511,-0.1195373040715848,17.111690521240234,0.0,0.0,,,,,
e6,calce,calib_H1,CS2_36,99,6.067204335957052,7.704968039604293,0.8095536893784814,17.224563598632812,68.65364850976363,0.0,,,,,
e6,calce,calib_H2,CS2_36,99,5.917993902837621,7.448175972860901,0.822036581978554,18.46002960205078,72.76464542651593,0.0,,,,,
e5,calce,drop_I1,CS2_37,99,5.19684622760635,6.40453808822483,0.8357716366965563,18.15009117126465,72.70973963355834,0.0,0.0,2.4108003857280615,0.0,72.61330761812921,73.77049180327869
e5,calce,drop_I2,CS2_37,99,5.599495326708337,7.106795430158591,0.7977818336584591,15.185036659240723,71.45612343297975,0.0,0.0,2.0250723240115716,0.0,70.7810993249759,72.32401157184185
e5,calce,drop_I3,CS2_37,99,5.369848421823394,6.691950174583225,0.8207009714065844,17.392099380493164,72.70973963355834,0.0,0.0,2.1215043394406945,0.0,72.70973963355834,73.8669238187078
e5,calce,drop_I4,CS2_37,99,6.208666691045991,9.03436268936869,0.6732108849253784,6.43247127532959,16.39344262295082,0.0,0.0,10.800385728061716,0.0,12.921890067502412,19.864995178399226
e6,calce,calib_H0,CS2_37,99,15.122232649932165,16.555074272062914,-0.09732381870881635,15.385260581970215,0.0,0.0,,,,,
e6,calce,calib_H1,CS2_37,99,5.308409046279377,6.58378587513627,0.8264502729854878,16.305158615112305,73.28833172613307,0.0,,,,,
e6,calce,calib_H2,CS2_37,99,5.292561513895154,6.5540704209358385,0.8280133465537957,17.137073516845703,72.70973963355834,0.0,,,,,
e5,calce,drop_I1,CS2_38,99,5.236721374906114,6.559137612164802,0.8289749898940877,17.942174911499023,72.11895910780669,0.0,0.0,3.4386617100371746,0.0,72.02602230483272,72.58364312267658
e5,calce,drop_I2,CS2_38,99,5.535687770089193,7.120498137229494,0.7984481012273006,15.344563484191895,68.68029739776952,0.0,0.0,3.3457249070631967,0.0,67.75092936802974,69.33085501858736
e5,calce,drop_I3,CS2_38,99,5.190096612442047,6.476841243602541,0.833239709264632,17.629430770874023,69.9814126394052,0.0,0.0,2.2304832713754648,0.0,69.88847583643123,70.07434944237917
e5,calce,drop_I4,CS2_38,99,6.365400664940913,8.757229430785726,0.6951405965517607,7.187843322753906,38.47583643122677,0.0,0.0,9.479553903345725,0.0,37.825278810408925,39.96282527881041
e6,calce,calib_H0,CS2_38,99,16.59922872763229,17.96970915624187,-0.2836547600571562,16.760658264160156,0.0,0.0,,,,,
e6,calce,calib_H1,CS2_38,99,5.16964609994309,6.44606514304646,0.8348207386073186,17.905550003051758,70.35315985130111,0.0,,,,,
e6,calce,calib_H2,CS2_38,99,5.471661924547849,6.955452777826143,0.8076833202795544,16.298696517944336,68.86617100371747,0.0,,,,,
e5,calce,drop_I1,CS2_33,256,3.8239976174805426,4.580910778911782,0.9386770981740762,26.203462600708008,79.67667436489607,0.0,0.0,2.771362586605081,0.0,79.21478060046189,80.13856812933025
e5,calce,drop_I2,CS2_33,256,3.7917553624265614,4.5581027746732605,0.939286222070592,25.58449935913086,80.4849884526559,0.0,0.0,2.886836027713626,0.4618937644341801,79.44572748267899,80.94688221709006
e5,calce,drop_I3,CS2_33,256,4.123232570519884,4.842840887462334,0.9314638929715972,25.555330276489258,78.9838337182448,0.0,0.0,2.1939953810623556,0.0,78.52193995381063,79.09930715935334
e5,calce,drop_I4,CS2_33,256,6.212373857274561,7.880874494757489,0.8185036674438473,6.166289806365967,7.274826789838337,0.0,0.0,11.200923787528868,0.0,7.274826789838337,19.053117782909933
e6,calce,calib_H0,CS2_33,256,20.750834810505477,23.628529517698702,-0.631520071403652,21.02165985107422,0.0,0.0,,,,,
e6,calce,calib_H1,CS2_33,256,3.9735327814864383,4.702161826083291,0.9353878527709214,25.15573501586914,80.0230946882217,0.0,,,,,
e6,calce,calib_H2,CS2_33,256,3.972127010516202,4.700927336720295,0.9354217744184834,25.65505599975586,79.90762124711316,0.0,,,,,
e5,calce,drop_I1,CS2_34,256,3.4570652161105024,4.0768399082500295,0.9161928210652239,26.549097061157227,91.74193548387096,0.0,0.0,1.5483870967741935,0.0,91.48387096774194,91.74193548387096
e5,calce,drop_I2,CS2_34,256,3.4214402298903797,4.040607118251682,0.917675868857385,26.764575958251953,91.74193548387096,0.0,0.0,3.741935483870968,0.0,91.48387096774194,92.0
e5,calce,drop_I3,CS2_34,256,3.504398747623686,4.122568640184017,0.9143021952156847,25.952096939086914,93.41935483870968,0.0,0.0,1.6774193548387095,0.0,93.29032258064515,93.54838709677419
e5,calce,drop_I4,CS2_34,256,3.8883833265024617,4.830732908961668,0.8823315700531058,6.908881187438965,64.0,0.0,0.0,20.903225806451616,0.0,63.61290322580645,64.25806451612902
e6,calce,calib_H0,CS2_34,256,22.9191328386037,25.254739277263322,-2.216026993534953,23.0539608001709,0.0,0.0,,,,,
e6,calce,calib_H1,CS2_34,256,3.4692563292656797,4.088475907992759,0.9157137382459983,26.192258834838867,93.29032258064515,0.0,,,,,
e6,calce,calib_H2,CS2_34,256,3.483136572836172,4.100821358944905,0.9152039527195392,26.35932731628418,93.03225806451613,0.0,,,,,
e5,calce,drop_I1,CS2_35,256,3.7751534177723935,4.490286489942902,0.9201062068559386,19.918325424194336,75.9656652360515,0.0,0.0,2.575107296137339,0.0,75.32188841201717,77.25321888412017
e5,calce,drop_I2,CS2_35,256,3.3336268182800137,3.760529805934714,0.9439645311990047,18.89299774169922,79.6137339055794,0.0,0.0,11.695278969957082,0.0,78.64806866952789,80.25751072961373
e5,calce,drop_I3,CS2_35,256,3.978984741153257,4.804629960000408,0.9085287046456896,20.071876525878906,76.931330472103,0.0,0.0,1.9313304721030045,0.0,76.28755364806867,77.03862660944206
e5,calce,drop_I4,CS2_35,256,4.134777525531126,5.779999827469065,0.8676205446040381,4.449284553527832,9.763948497854077,0.0,0.3218884120171674,13.626609442060087,0.0,8.905579399141631,23.92703862660944
e6,calce,calib_H0,CS2_35,256,18.717653572948965,20.87384274616435,-0.7265126069825807,18.97579574584961,0.0,0.0,,,,,
e6,calce,calib_H1,CS2_35,256,3.9340583207245783,4.755044081459663,0.9104070093046372,19.686176300048828,75.9656652360515,0.0,,,,,
e6,calce,calib_H2,CS2_35,256,3.7707424152299045,4.458541034711795,0.9212318808585869,19.86285400390625,77.14592274678111,0.0,,,,,
e5,calce,drop_I1,CS2_36,256,4.6442232478373615,5.451513231855922,0.9046622228966685,21.072296142578125,73.792394655704,0.0,0.0,1.8499486125385407,0.0,73.4840698869476,74.92291880781089
e5,calce,drop_I2,CS2_36,256,4.67315650457592,5.480745151794086,0.9036370476560328,20.597896575927734,73.4840698869476,0.0,0.0,1.3360739979445015,0.0,73.4840698869476,74.40904419321686
e5,calce,drop_I3,CS2_36,256,4.736717297766949,5.5736345668413785,0.9003429877943943,21.044639587402344,73.6896197327852,0.0,0.0,1.4388489208633095,0.0,73.4840698869476,74.30626927029805
e5,calce,drop_I4,CS2_36,256,5.473880691217828,7.183312416232279,0.8344685989448859,6.089178085327148,37.718396711202466,0.0,0.0,11.71634121274409,0.0,37.61562178828366,49.33196300102775
e6,calce,calib_H0,CS2_36,256,19.468219759908717,21.89452971275113,-0.537808024808855,19.54181671142578,0.0,0.0,,,,,
e6,calce,calib_H1,CS2_36,256,4.675718498561673,5.481450173269107,0.9036122545600022,21.116647720336914,74.10071942446042,0.0,,,,,
e6,calce,calib_H2,CS2_36,256,4.732649667753589,5.57495870296507,0.9002956308594704,20.972990036010742,73.38129496402878,0.0,,,,,
e5,calce,drop_I1,CS2_37,256,4.290489952872401,4.86337486999236,0.9053004245678253,19.286561965942383,75.89199614271939,0.0,0.0,1.639344262295082,0.0,75.50626808100289,76.66345226615236
e5,calce,drop_I2,CS2_37,256,3.879588392236073,4.2464168460317655,0.9278032268107527,19.79840087890625,77.2420443587271,0.0,0.0,4.243008678881389,0.0,76.27772420443587,77.82063645130182
e5,calce,drop_I3,CS2_37,256,4.1892337945358555,4.720048968822182,0.9107998575767734,19.244155883789062,75.89199614271939,0.0,0.0,1.1571841851494697,0.0,75.50626808100289,76.374156219865
e5,calce,drop_I4,CS2_37,256,4.535125884819461,5.959967063121466,0.8577801361479634,4.701196193695068,14.946962391513981,0.0,0.0,18.900675024108004,0.0,8.003857280617165,24.011571841851495
e6,calce,calib_H0,CS2_37,256,18.62993014194701,20.707063854799237,-0.7167599955228823,18.80082130432129,0.0,0.0,,,,,
e6,calce,calib_H1,CS2_37,256,4.297296126470279,4.86616319675771,0.9051918049104966,19.017255783081055,76.374156219865,0.0,,,,,
e6,calce,calib_H2,CS2_37,256,4.243899796862942,4.795399214533118,0.9079291664912228,18.913490295410156,75.69913211186113,0.0,,,,,
e5,calce,drop_I1,CS2_38,256,4.269713891052559,4.835797166402026,0.9070386777267138,19.455955505371094,77.04460966542752,0.0,0.0,2.137546468401487,0.0,76.30111524163569,77.88104089219331
e5,calce,drop_I2,CS2_38,256,3.86858365327266,4.180352945490497,0.9305308410745007,19.289535522460938,79.73977695167285,0.0,0.2788104089219331,9.386617100371748,0.0,78.90334572490706,79.92565055762083
e5,calce,drop_I3,CS2_38,256,4.277336348195102,4.856748443979235,0.906231415737673,19.51312828063965,76.85873605947955,0.0,0.0,2.41635687732342,0.0,76.11524163568774,77.5092936802974
e5,calce,drop_I4,CS2_38,256,5.1455367078518055,6.648349519172285,0.824291073237955,6.083546161651611,38.847583643122675,0.0,0.0,13.197026022304833,0.0,38.10408921933085,42.84386617100372
e6,calce,calib_H0,CS2_38,256,18.847479245862534,20.858260753183533,-0.7295070006780893,19.13654899597168,0.0,0.0,,,,,
e6,calce,calib_H1,CS2_38,256,4.315319925028395,4.892087107672232,0.9048618937568772,19.575315475463867,78.15985130111525,0.0,,,,,
e6,calce,calib_H2,CS2_38,256,4.363347064652354,4.980979561145621,0.901373037293503,19.382226943969727,77.23048327137546,0.0,,,,,
e5,calce,drop_I1,CS2_33,1234,4.046435614493028,4.767888374823972,0.9335689388752665,25.264606475830078,79.33025404157044,0.0,0.0,3.348729792147806,0.6928406466512702,78.40646651270208,79.90762124711316
e5,calce,drop_I2,CS2_33,1234,4.04515392152267,4.765573799768282,0.9336334212387538,22.860994338989258,79.67667436489607,0.0,0.0,3.695150115473441,0.5773672055427251,78.29099307159353,79.90762124711316
e5,calce,drop_I3,CS2_33,1234,4.173509795514804,4.894494029725128,0.9299941009499846,24.717531204223633,79.09930715935334,0.0,0.0,3.0023094688221708,0.6928406466512702,77.82909930715935,79.44572748267899
e5,calce,drop_I4,CS2_33,1234,6.319275015512012,8.00405471998124,0.8127856521986049,6.542232513427734,23.21016166281755,0.0,0.3464203233256351,11.547344110854503,0.0,22.863741339491916,34.98845265588915
e6,calce,calib_H0,CS2_33,1234,19.800767334450807,22.452221374350206,-0.47311842833173534,19.917659759521484,0.0,0.0,,,,,
e6,calce,calib_H1,CS2_33,1234,4.035332503718523,4.757630504986882,0.9338544774959683,26.132081985473633,79.56120092378754,0.0,,,,,
e6,calce,calib_H2,CS2_33,1234,4.161084253456763,4.8816529332934575,0.930360951234469,25.926698684692383,79.33025404157044,0.0,,,,,
e5,calce,drop_I1,CS2_34,1234,3.4633232789898583,4.082495564582876,0.915960134286237,28.24435043334961,93.41935483870968,0.0,0.0,4.129032258064516,0.7741935483870968,92.38709677419354,93.80645161290323
e5,calce,drop_I2,CS2_34,1234,3.5551690706650954,4.1788410279590025,0.9119467061267441,26.409645080566406,92.64516129032258,0.0,0.0,3.483870967741935,0.6451612903225806,91.61290322580645,92.90322580645162
e5,calce,drop_I3,CS2_34,1234,3.4848662104832084,4.102533557950038,0.9151331288504194,26.17433738708496,92.7741935483871,0.0,0.0,3.354838709677419,0.7741935483870968,91.74193548387096,93.16129032258064
e5,calce,drop_I4,CS2_34,1234,3.7839666883975798,4.658985041831208,0.8905498052054366,6.546588897705078,65.80645161290323,0.0,0.0,17.93548387096774,0.0,65.6774193548387,66.58064516129032
e6,calce,calib_H0,CS2_34,1234,21.253939772427305,23.852364157997943,-1.868776858904119,21.3259220123291,0.0,0.0,,,,,
e6,calce,calib_H1,CS2_34,1234,3.4878024404074335,4.105805425536366,0.9149977081956444,27.560083389282227,93.29032258064515,0.0,,,,,
e6,calce,calib_H2,CS2_34,1234,3.4497847235531562,4.071307599443424,0.9164201209434516,28.426776885986328,93.29032258064515,0.0,,,,,
e5,calce,drop_I1,CS2_35,1234,3.696537450473411,4.317559372602073,0.9261345112030422,20.008087158203125,78.75536480686695,0.0,0.0,2.7896995708154506,0.0,78.11158798283262,79.07725321888412
e5,calce,drop_I2,CS2_35,1234,3.895803623465815,4.652939083578133,0.9142133571271057,18.627639770507812,77.57510729613733,0.0,0.0,2.467811158798283,0.0,76.931330472103,77.57510729613733
e5,calce,drop_I3,CS2_35,1234,3.6097713713171915,4.233474849338341,0.9289835584401333,19.712570190429688,76.39484978540773,0.0,0.0,2.3605150214592276,0.0,75.7510729613734,77.03862660944206
e5,calce,drop_I4,CS2_35,1234,5.039665669381285,7.092357755430124,0.8006821435972664,5.406665802001953,15.021459227467812,0.0,0.3218884120171674,13.733905579399142,0.0,12.55364806866953,25.643776824034337
e6,calce,calib_H0,CS2_35,1234,17.676118651171254,19.763380471719596,-0.5477022078466827,17.80948257446289,0.0,0.0,,,,,
e6,calce,calib_H1,CS2_35,1234,3.640039601395366,4.225454998364297,0.9292523692075114,20.28386878967285,79.50643776824035,0.0,,,,,
e6,calce,calib_H2,CS2_35,1234,3.583891931386874,4.136941858883578,0.932185311097173,20.069299697875977,79.50643776824035,0.0,,,,,
e5,calce,drop_I1,CS2_36,1234,4.178143616589306,4.8100522716851595,0.9257783726049708,22.596712112426758,74.92291880781089,0.0,0.0,2.466598150051387,0.0,74.92291880781089,75.23124357656732
e5,calce,drop_I2,CS2_36,1234,4.459294197164394,5.179479374001163,0.9139396522777694,21.72389030456543,74.82014388489209,0.0,0.0,2.774922918807811,0.0,74.51181911613565,74.92291880781089
e5,calce,drop_I3,CS2_36,1234,4.316020823552882,4.990428745511419,0.920107391959319,20.71320915222168,72.97019527235355,0.0,0.0,2.774922918807811,0.0,72.55909558067832,73.27852004110997
e5,calce,drop_I4,CS2_36,1234,6.081576433740584,8.11827517259306,0.7885739888493632,6.721144199371338,35.97122302158273,0.0,0.0,10.996916752312435,0.0,35.868448098663926,48.098663926002054
e6,calce,calib_H0,CS2_36,1234,18.110905800553706,20.850365975891425,-0.39462756638165675,18.2349853515625,0.0,0.0,,,,,
e6,calce,calib_H1,CS2_36,1234,4.160828116312594,4.786131505185311,0.9265147569191108,22.37902069091797,75.12846865364851,0.0,,,,,
e6,calce,calib_H2,CS2_36,1234,4.23622058084026,4.88267381686823,0.9235202771020816,22.34111976623535,74.61459403905447,0.0,,,,,
e5,calce,drop_I1,CS2_37,1234,4.014989188825604,4.453479626125021,0.9205906796736728,20.03875160217285,77.53134040501446,0.0,0.0,3.278688524590164,0.0,76.75988428158148,77.72420443587271
e5,calce,drop_I2,CS2_37,1234,4.522516967814458,5.293343731438582,0.8878155321583027,17.546829223632812,75.79556412729026,0.0,0.0,5.303760848601736,0.0,75.21697203471552,76.18129218900675
e5,calce,drop_I3,CS2_37,1234,3.9349834827391206,4.380664388738316,0.9231661662092726,19.79323959350586,76.374156219865,0.0,0.0,2.796528447444552,0.0,75.69913211186113,76.95274831243974
e5,calce,drop_I4,CS2_37,1234,5.523230577371769,7.964952065569366,0.7459969847297233,5.615533828735352,9.161041465766633,0.0,0.0,15.043394406943106,0.0,3.953712632594021,19.09353905496625
e6,calce,calib_H0,CS2_37,1234,17.456789190552993,20.305707456787683,-0.6508544671732404,17.54056167602539,1.0607521697203472,0.0,,,,,
e6,calce,calib_H1,CS2_37,1234,3.985476357515226,4.410882112655259,0.922102514197806,19.85560417175293,76.95274831243974,0.0,,,,,
e6,calce,calib_H2,CS2_37,1234,4.033654759939863,4.473254682536701,0.9198839019073878,19.53798484802246,77.33847637415622,0.0,,,,,
e5,calce,drop_I1,CS2_38,1234,4.066111154690256,4.474305728780905,0.9204175231295273,20.161449432373047,79.64684014869889,0.0,0.0,3.903345724907063,0.0,79.36802973977694,79.64684014869889
e5,calce,drop_I2,CS2_38,1234,4.42916920660362,5.112189192545415,0.896108509903297,18.971012115478516,77.41635687732342,0.0,0.0,3.9962825278810405,0.0,76.6728624535316,77.88104089219331
e5,calce,drop_I3,CS2_38,1234,4.071360317077119,4.530071479642483,0.9184213997847828,19.608478546142578,76.85873605947955,0.0,0.2788104089219331,3.2527881040892193,0.0,76.48698884758365,76.85873605947955
e5,calce,drop_I4,CS2_38,1234,5.583921452869049,7.470279315586737,0.778160018389887,6.560031414031982,35.96654275092937,0.0,0.2788104089219331,11.988847583643123,0.0,35.130111524163574,38.19702602230483
e6,calce,calib_H0,CS2_38,1234,17.966108446358454,20.295474033367906,-0.637436769251821,18.071115493774414,0.0,0.0,,,,,
e6,calce,calib_H1,CS2_38,1234,4.093069573881817,4.522782918542273,0.9186836968756422,19.94524383544922,78.90334572490706,0.0,,,,,
e6,calce,calib_H2,CS2_38,1234,4.054300963942156,4.463679927388441,0.9207950670551044,20.324691772460938,79.182156133829,0.0,,,,,
e5,calce,drop_I1,CS2_33,2718,3.710200190152761,4.507935794440456,0.94061531256905,23.956613540649414,79.56120092378754,0.0,0.0,5.542725173210162,0.0,78.86836027713626,80.13856812933025
e5,calce,drop_I2,CS2_33,2718,3.4936960449645684,4.406214023513684,0.943265111207053,24.130399703979492,80.36951501154735,0.0,0.0,5.080831408775981,0.0,79.33025404157044,80.94688221709006
e5,calce,drop_I3,CS2_33,2718,3.5263690759587365,4.414135618181192,0.9430609292092106,23.55093002319336,79.56120092378754,0.0,0.0,3.810623556581986,0.5773672055427251,78.40646651270208,79.56120092378754
e5,calce,drop_I4,CS2_33,2718,5.2158353346466955,6.637494330933911,0.8712558935008918,5.334360122680664,20.207852193995382,0.0,0.3464203233256351,9.353348729792147,0.0,19.51501154734411,29.445727482678986
e6,calce,calib_H0,CS2_33,2718,22.756275236060883,26.22553725003033,-1.0098693105084355,22.842615127563477,0.0,0.0,,,,,
e6,calce,calib_H1,CS2_33,2718,3.740475605480789,4.52618847582228,0.9401334404883758,24.18964958190918,79.33025404157044,0.0,,,,,
e6,calce,calib_H2,CS2_33,2718,3.6389951963563574,4.471763792268117,0.941564503078351,21.848691940307617,79.33025404157044,0.0,,,,,
e5,calce,drop_I1,CS2_34,2718,3.4002584806442226,4.012420034137148,0.9188204411317382,25.83367919921875,88.51612903225806,0.0,0.0,5.548387096774193,0.6451612903225806,87.35483870967742,88.64516129032258
e5,calce,drop_I2,CS2_34,2718,3.415093022205394,4.027520975100406,0.9182082447216198,26.944988250732422,90.70967741935483,0.0,0.0,4.516129032258064,0.0,90.06451612903226,90.83870967741936
e5,calce,drop_I3,CS2_34,2718,3.407326587359301,4.024173232612545,0.9183441615474114,27.118457794189453,94.06451612903226,0.0,0.0,3.870967741935484,0.3870967741935484,92.90322580645162,94.06451612903226
e5,calce,drop_I4,CS2_34,2718,3.626143657716134,4.289042403789228,0.9072413142960459,6.669456481933594,77.41935483870968,0.0,0.0,18.70967741935484,0.0,77.29032258064517,78.45161290322581
e6,calce,calib_H0,CS2_34,2718,24.254095978756663,26.660068830564104,-2.58390458889095,24.322446823120117,0.0,0.0,,,,,
e6,calce,calib_H1,CS2_34,2718,3.4161750461204523,4.028178595007249,0.9181815323702233,26.368974685668945,94.19354838709677,0.0,,,,,
e6,calce,calib_H2,CS2_34,2718,3.4224409254084143,4.036672038892594,0.9178361389524669,24.6348934173584,94.3225806451613,0.0,,,,,
e5,calce,drop_I1,CS2_35,2718,2.8621825964807495,3.1976047578823033,0.9594851251145244,22.414302825927734,81.75965665236052,0.0,0.0,3.755364806866953,0.0,81.75965665236052,81.75965665236052
e5,calce,drop_I2,CS2_35,2718,2.8893353236792723,3.217413963445354,0.9589815898096681,21.92374610900879,78.86266094420601,0.0,0.0,3.969957081545064,0.0,78.86266094420601,79.50643776824035
e5,calce,drop_I3,CS2_35,2718,2.808122882012355,3.1629955345850123,0.9603574030700035,21.709453582763672,82.08154506437768,0.0,0.0,3.2188841201716736,0.0,81.65236051502146,82.18884120171673
e5,calce,drop_I4,CS2_35,2718,3.2049282776279826,3.8340168647419985,0.9417530784710151,3.623922348022461,14.699570815450643,0.0,0.3218884120171674,17.59656652360515,0.0,11.587982832618025,29.399141630901287
e6,calce,calib_H0,CS2_35,2718,21.62484135608621,24.62068805554706,-1.4019574542138336,21.66373062133789,0.0,0.0,,,,,
e6,calce,calib_H1,CS2_35,2718,2.895693158524945,3.223375513287047,0.9588294428695704,21.9526424407959,80.25751072961373,0.0,,,,,
e6,calce,calib_H2,CS2_35,2718,2.843448000905431,3.179640232036205,0.9599390811550945,22.232952117919922,79.07725321888412,0.0,,,,,
e5,calce,drop_I1,CS2_36,2718,3.3795915237942142,4.021848828169078,0.9481101559413871,22.4227294921875,76.3617677286742,0.0,0.0,4.110996916752312,0.0,76.3617677286742,76.77286742034943
e5,calce,drop_I2,CS2_36,2718,3.333987828085569,3.9940600742952626,0.9488247390166337,20.159229278564453,74.92291880781089,0.0,0.0,3.494347379239465,0.0,74.40904419321686,75.33401849948612
e5,calce,drop_I3,CS2_36,2718,3.13881546117558,3.897313871361551,0.9512739005693773,22.926300048828125,76.97841726618705,0.0,0.0,2.774922918807811,0.0,76.77286742034943,77.18396711202466
e5,calce,drop_I4,CS2_36,2718,4.422490454932866,5.472339109190336,0.903932412564102,5.074487209320068,37.61562178828366,0.0,0.0,12.64131551901336,0.0,37.51284686536485,51.284686536485104
e6,calce,calib_H0,CS2_36,2718,20.834604603571506,23.909548301669574,-0.8338914411903495,20.895185470581055,0.0,0.0,,,,,
e6,calce,calib_H1,CS2_36,2718,3.248255372894923,3.939468060316664,0.950214136037042,22.48321533203125,74.61459403905447,0.0,,,,,
e6,calce,calib_H2,CS2_36,2718,3.2466334006382267,3.9257733252237945,0.9505596746393019,22.18735694885254,72.66187050359713,0.0,,,,,
e5,calce,drop_I1,CS2_37,2718,3.2098203650550183,3.447201382601876,0.9524220363997955,21.00118637084961,78.78495660559307,0.0,0.0,3.567984570877531,0.0,78.5920925747348,78.9778206364513
e5,calce,drop_I2,CS2_37,2718,3.1415683223467217,3.4038174655408113,0.9536120624343406,20.6163272857666,80.32786885245902,0.0,0.0,3.664416586306654,0.0,80.03857280617164,80.61716489874638
e5,calce,drop_I3,CS2_37,2718,3.1164002389059693,3.3867371713548766,0.954076442034935,21.56083106994629,81.4850530376085,0.0,0.0,2.4108003857280615,0.0,81.4850530376085,81.77434908389586
e5,calce,drop_I4,CS2_37,2718,3.0898991159035165,3.4882709110888483,0.9512816072825301,3.2366631031036377,13.307618129218902,0.0,0.0,21.311475409836063,0.0,5.400192864030858,25.36162005785921
e6,calce,calib_H0,CS2_37,2718,21.095314609558528,23.900467094553015,-1.2871008556074122,21.187698364257812,0.0,0.0,,,,,
e6,calce,calib_H1,CS2_37,2718,3.1228524670273843,3.391906347835243,0.953936148811362,21.503887176513672,81.00289296046287,0.0,,,,,
e6,calce,calib_H2,CS2_37,2718,3.1546631932280063,3.4107281408788106,0.9534235109602853,21.050432205200195,81.00289296046287,0.0,,,,,
e5,calce,drop_I1,CS2_38,2718,3.2202946870302327,3.4887807897022776,0.9516146926378628,21.718677520751953,79.36802973977694,0.0,0.0,3.62453531598513,0.0,79.36802973977694,79.46096654275094
e5,calce,drop_I2,CS2_38,2718,3.2486416947222847,3.508180741761373,0.9510750872436334,18.296554565429688,80.66914498141264,0.0,0.0,10.223048327137546,0.0,79.92565055762083,80.66914498141264
e5,calce,drop_I3,CS2_38,2718,3.1137739095852495,3.4359981323429603,0.9530676849068517,21.453041076660156,81.87732342007436,0.0,0.0,2.137546468401487,0.0,81.87732342007436,81.87732342007436
e5,calce,drop_I4,CS2_38,2718,3.673765084041976,4.014725951874407,0.9359265734079565,4.860034942626953,44.1449814126394,0.0,0.2788104089219331,19.237918215613384,0.0,43.215613382899626,46.74721189591078
e6,calce,calib_H0,CS2_38,2718,21.8971374678037,24.907536160567954,-1.4661965084881983,21.993745803833008,0.0,0.0,,,,,
e6,calce,calib_H1,CS2_38,2718,3.331007410924991,3.569519932481555,0.9493492637642369,22.515188217163086,80.76208178438662,0.0,,,,,
e6,calce,calib_H2,CS2_38,2718,3.2014693149522837,3.4810306613074284,0.9518294242905294,21.915287017822266,81.04089219330855,0.0,,,,,
