dataset,cell,seed,combo,mono,rate,floor,mae
calce,CS2_33,7,clip_only,0,0,0,25.86919383253842
calce,CS2_33,7,floor,0,0,1,4.381434877143189
calce,CS2_33,7,rate,0,1,0,23.69860925836442
calce,CS2_33,7,rate+floor,0,1,1,4.379116884564599
calce,CS2_33,7,mono,1,0,0,25.775251718190106
calce,CS2_33,7,mono+floor,1,0,1,4.148836835219646
calce,CS2_33,7,mono+rate,1,1,0,23.671511313889727
calce,CS2_33,7,mono+rate+floor,1,1,1,4.148836835219646
calce,CS2_33,42,clip_only,0,0,0,28.46536775989841
calce,CS2_33,42,floor,0,0,1,3.677675562866409
calce,CS2_33,42,rate,0,1,0,25.827635430030607
calce,CS2_33,42,rate+floor,0,1,1,3.6525033949747674
calce,CS2_33,42,mono,1,0,0,28.32411823579209
calce,CS2_33,42,mono+floor,1,0,1,3.439445649708427
calce,CS2_33,42,mono+rate,1,1,0,25.665267005787275
calce,CS2_33,42,mono+rate+floor,1,1,1,3.439192350882002
calce,CS2_33,99,clip_only,0,0,0,25.094403749250098
calce,CS2_33,99,floor,0,0,1,5.956724735901464
calce,CS2_33,99,rate,0,1,0,23.37379153234556
calce,CS2_33,99,rate+floor,0,1,1,5.97825032477426
calce,CS2_33,99,mono,1,0,0,23.57472351103142
calce,CS2_33,99,mono+floor,1,0,1,4.996887178244392
calce,CS2_33,99,mono+rate,1,1,0,21.84440517599986
calce,CS2_33,99,mono+rate+floor,1,1,1,4.995367938090447
calce,CS2_33,123,clip_only,0,0,0,29.05945182782673
calce,CS2_33,123,floor,0,0,1,4.396082489942792
calce,CS2_33,123,rate,0,1,0,26.391588694090718
calce,CS2_33,123,rate+floor,0,1,1,4.40131034829689
calce,CS2_33,123,mono,1,0,0,27.86311788254573
calce,CS2_33,123,mono+floor,1,0,1,3.615868450090666
calce,CS2_33,123,mono+rate,1,1,0,25.177619697263996
calce,CS2_33,123,mono+rate+floor,1,1,1,3.615732259869489
calce,CS2_33,256,clip_only,0,0,0,25.77376105328355
calce,CS2_33,256,floor,0,0,1,4.51734839669447
calce,CS2_33,256,rate,0,1,0,24.155478711830245
calce,CS2_33,256,rate+floor,0,1,1,4.531347908318742
calce,CS2_33,256,mono,1,0,0,25.470177326002577
calce,CS2_33,256,mono+floor,1,0,1,4.165047005096538
calce,CS2_33,256,mono+rate,1,1,0,23.831505888803342
calce,CS2_33,256,mono+rate+floor,1,1,1,4.165047005096538
calce,CS2_33,1234,clip_only,0,0,0,26.765689766159234
calce,CS2_33,1234,floor,0,0,1,4.4193373698426734
calce,CS2_33,1234,rate,0,1,0,24.56785989577256
calce,CS2_33,1234,rate+floor,0,1,1,4.408910142240606
calce,CS2_33,1234,mono,1,0,0,26.31229591821553
calce,CS2_33,1234,mono+floor,1,0,1,4.001869118141136
calce,CS2_33,1234,mono+rate,1,1,0,24.094121535986837
calce,CS2_33,1234,mono+rate+floor,1,1,1,3.997001771599721
calce,CS2_33,2024,clip_only,0,0,0,26.309965362725027
calce,CS2_33,2024,floor,0,0,1,4.383429525998063
calce,CS2_33,2024,rate,0,1,0,24.573928028609327
calce,CS2_33,2024,rate+floor,0,1,1,4.380085839041893
calce,CS2_33,2024,mono,1,0,0,26.027248401500355
calce,CS2_33,2024,mono+floor,1,0,1,4.045199308098983
calce,CS2_33,2024,mono+rate,1,1,0,24.270749930663403
calce,CS2_33,2024,mono+rate+floor,1,1,1,4.045199308098983
calce,CS2_33,2718,clip_only,0,0,0,25.04956064378417
calce,CS2_33,2718,floor,0,0,1,3.7541946546078497
calce,CS2_33,2718,rate,0,1,0,23.74999351906538
calce,CS2_33,2718,rate+floor,0,1,1,3.7663473352081467
calce,CS2_33,2718,mono,1,0,0,25.07550204775444
calce,CS2_33,2718,mono+floor,1,0,1,3.589641939765331
calce,CS2_33,2718,mono+rate,1,1,0,23.76125296888335
calce,CS2_33,2718,mono+rate+floor,1,1,1,3.589641939765331
calce,CS2_34,7,clip_only,0,0,0,27.85658201156124
calce,CS2_34,7,floor,0,0,1,4.100591716699546
calce,CS2_34,7,rate,0,1,0,25.404379601891247
calce,CS2_34,7,rate+floor,0,1,1,4.085418603626581
calce,CS2_34,7,mono,1,0,0,27.82905385527024
calce,CS2_34,7,mono+floor,1,0,1,3.464062196467467
calce,CS2_34,7,mono+rate,1,1,0,25.369401373679246
calce,CS2_34,7,mono+rate+floor,1,1,1,3.461339576006031
calce,CS2_34,42,clip_only,0,0,0,31.46203563567131
calce,CS2_34,42,floor,0,0,1,4.033177621104733
calce,CS2_34,42,rate,0,1,0,28.83770805053442
calce,CS2_34,42,rate+floor,0,1,1,4.009787040064247
calce,CS2_34,42,mono,1,0,0,31.409584357658744
calce,CS2_34,42,mono+floor,1,0,1,3.399622034975419
calce,CS2_34,42,mono+rate,1,1,0,28.791186271721344
calce,CS2_34,42,mono+rate+floor,1,1,1,3.3990850462467357
calce,CS2_34,99,clip_only,0,0,0,24.59022477672946
calce,CS2_34,99,floor,0,0,1,4.415877076396698
calce,CS2_34,99,rate,0,1,0,22.562768948205772
calce,CS2_34,99,rate+floor,0,1,1,4.412005400377564
calce,CS2_34,99,mono,1,0,0,24.34104670333684
calce,CS2_34,99,mono+floor,1,0,1,3.694269517408059
calce,CS2_34,99,mono+rate,1,1,0,22.315224492122102
calce,CS2_34,99,mono+rate+floor,1,1,1,3.682207212323734
calce,CS2_34,123,clip_only,0,0,0,31.505286624047063
calce,CS2_34,123,floor,0,0,1,4.036530995518577
calce,CS2_34,123,rate,0,1,0,28.683461265713774
calce,CS2_34,123,rate+floor,0,1,1,4.042005770382282
calce,CS2_34,123,mono,1,0,0,31.397598996002234
calce,CS2_34,123,mono+floor,1,0,1,3.395942706777554
calce,CS2_34,123,mono+rate,1,1,0,28.56769402996153
calce,CS2_34,123,mono+rate+floor,1,1,1,3.3958873476789484
calce,CS2_34,256,clip_only,0,0,0,27.592636206842236
calce,CS2_34,256,floor,0,0,1,4.093936057353605
calce,CS2_34,256,rate,0,1,0,25.803927814746324
calce,CS2_34,256,rate+floor,0,1,1,4.100205063567808
calce,CS2_34,256,mono,1,0,0,27.570581712256768
calce,CS2_34,256,mono+floor,1,0,1,3.4715673360059918
calce,CS2_34,256,mono+rate,1,1,0,25.776106578391083
calce,CS2_34,256,mono+rate+floor,1,1,1,3.4715673360059918
calce,CS2_34,1234,clip_only,0,0,0,28.499122683617376
calce,CS2_34,1234,floor,0,0,1,4.08031161568093
calce,CS2_34,1234,rate,0,1,0,26.189335641162653
calce,CS2_34,1234,rate+floor,0,1,1,4.063022122406732
calce,CS2_34,1234,mono,1,0,0,28.442846972641114
calce,CS2_34,1234,mono+floor,1,0,1,3.4424805749875373
calce,CS2_34,1234,mono+rate,1,1,0,26.122007278556467
calce,CS2_34,1234,mono+rate+floor,1,1,1,3.4311102769038153
calce,CS2_34,2024,clip_only,0,0,0,28.177708454747354
calce,CS2_34,2024,floor,0,0,1,4.086811585996813
calce,CS2_34,2024,rate,0,1,0,26.32706263939371
calce,CS2_34,2024,rate+floor,0,1,1,4.079044002784683
calce,CS2_34,2024,mono,1,0,0,28.14500986079262
calce,CS2_34,2024,mono+floor,1,0,1,3.4543103312610937
calce,CS2_34,2024,mono+rate,1,1,0,26.357611567642856
calce,CS2_34,2024,mono+rate+floor,1,1,1,3.4543103312610937
calce,CS2_34,2718,clip_only,0,0,0,28.116417093584616
calce,CS2_34,2718,floor,0,0,1,4.028238398774769
calce,CS2_34,2718,rate,0,1,0,26.727652409869243
calce,CS2_34,2718,rate+floor,0,1,1,4.026301857152621
calce,CS2_34,2718,mono,1,0,0,28.118075469040384
calce,CS2_34,2718,mono+floor,1,0,1,3.413831682212725
calce,CS2_34,2718,mono+rate,1,1,0,26.727024321347074
calce,CS2_34,2718,mono+rate+floor,1,1,1,3.413831682212725
calce,CS2_35,7,clip_only,0,0,0,22.60569826216145
calce,CS2_35,7,floor,0,0,1,4.432826654575711
calce,CS2_35,7,rate,0,1,0,21.019553861231717
calce,CS2_35,7,rate+floor,0,1,1,4.4118629499145845
calce,CS2_35,7,mono,1,0,0,22.467669976054594
calce,CS2_35,7,mono+floor,1,0,1,3.527660328338928
calce,CS2_35,7,mono+rate,1,1,0,20.90101500366649
calce,CS2_35,7,mono+rate+floor,1,1,1,3.5275401706477547
calce,CS2_35,42,clip_only,0,0,0,23.809095059341626
calce,CS2_35,42,floor,0,0,1,4.312922422583191
calce,CS2_35,42,rate,0,1,0,22.897522205629464
calce,CS2_35,42,rate+floor,0,1,1,4.312378809553789
calce,CS2_35,42,mono,1,0,0,23.19979177842405
calce,CS2_35,42,mono+floor,1,0,1,3.1915728734671633
calce,CS2_35,42,mono+rate,1,1,0,22.2582044078021
calce,CS2_35,42,mono+rate+floor,1,1,1,3.1915728734671633
calce,CS2_35,99,clip_only,0,0,0,19.73749154217765
calce,CS2_35,99,floor,0,0,1,5.840761564078372
calce,CS2_35,99,rate,0,1,0,18.766509843849665
calce,CS2_35,99,rate+floor,0,1,1,5.870487325064419
calce,CS2_35,99,mono,1,0,0,18.964760869463493
calce,CS2_35,99,mono+floor,1,0,1,4.638253655692985
calce,CS2_35,99,mono+rate,1,1,0,18.038351467000425
calce,CS2_35,99,mono+rate+floor,1,1,1,4.635744420673421
calce,CS2_35,123,clip_only,0,0,0,24.741513432351304
calce,CS2_35,123,floor,0,0,1,4.979898474244666
calce,CS2_35,123,rate,0,1,0,23.02469531728906
calce,CS2_35,123,rate+floor,0,1,1,5.003350037246326
calce,CS2_35,123,mono,1,0,0,23.256476440419082
calce,CS2_35,123,mono+floor,1,0,1,3.4255495130823532
calce,CS2_35,123,mono+rate,1,1,0,21.628817491885172
calce,CS2_35,123,mono+rate+floor,1,1,1,3.4176042262395527
calce,CS2_35,256,clip_only,0,0,0,22.48028740453106
calce,CS2_35,256,floor,0,0,1,4.807618697771501
calce,CS2_35,256,rate,0,1,0,21.36016684375422
calce,CS2_35,256,rate+floor,0,1,1,4.80959864408125
calce,CS2_35,256,mono,1,0,0,22.00982093776824
calce,CS2_35,256,mono+floor,1,0,1,3.7334161828411414
calce,CS2_35,256,mono+rate,1,1,0,20.891632233328988
calce,CS2_35,256,mono+rate+floor,1,1,1,3.7334161828411414
calce,CS2_35,1234,clip_only,0,0,0,22.913692392504778
calce,CS2_35,1234,floor,0,0,1,4.497625134819788
calce,CS2_35,1234,rate,0,1,0,21.37412945124775
calce,CS2_35,1234,rate+floor,0,1,1,4.4606696475254
calce,CS2_35,1234,mono,1,0,0,22.4772395180643
calce,CS2_35,1234,mono+floor,1,0,1,3.4453404512721146
calce,CS2_35,1234,mono+rate,1,1,0,20.97111381246696
calce,CS2_35,1234,mono+rate+floor,1,1,1,3.4160171102835855
calce,CS2_35,2024,clip_only,0,0,0,22.271446625050558
calce,CS2_35,2024,floor,0,0,1,4.570932364416755
calce,CS2_35,2024,rate,0,1,0,21.10456351288861
calce,CS2_35,2024,rate+floor,0,1,1,4.574352005683069
calce,CS2_35,2024,mono,1,0,0,22.050519567785425
calce,CS2_35,2024,mono+floor,1,0,1,3.6195647060653475
calce,CS2_35,2024,mono+rate,1,1,0,20.88180744564802
calce,CS2_35,2024,mono+rate+floor,1,1,1,3.6195647060653475
calce,CS2_35,2718,clip_only,0,0,0,23.55021617136288
calce,CS2_35,2718,floor,0,0,1,3.6617230640023566
calce,CS2_35,2718,rate,0,1,0,22.226119155087808
calce,CS2_35,2718,rate+floor,0,1,1,3.66284214017993
calce,CS2_35,2718,mono,1,0,0,23.554749087423406
calce,CS2_35,2718,mono+floor,1,0,1,2.8320379385775
calce,CS2_35,2718,mono+rate,1,1,0,22.235230616564916
calce,CS2_35,2718,mono+rate+floor,1,1,1,2.8316981972966864
calce,CS2_36,7,clip_only,0,0,0,22.462584441636842
calce,CS2_36,7,floor,0,0,1,4.657429494663197
calce,CS2_36,7,rate,0,1,0,20.977327491297938
calce,CS2_36,7,rate+floor,0,1,1,4.671851377894288
calce,CS2_36,7,mono,1,0,0,22.326488028683443
calce,CS2_36,7,mono+floor,1,0,1,4.271449914225711
calce,CS2_36,7,mono+rate,1,1,0,20.83006589951619
calce,CS2_36,7,mono+rate+floor,1,1,1,4.271449914225711
calce,CS2_36,42,clip_only,0,0,0,23.60597698686057
calce,CS2_36,42,floor,0,0,1,4.527042586902521
calce,CS2_36,42,rate,0,1,0,22.697554670739365
calce,CS2_36,42,rate+floor,0,1,1,4.53729803504451
calce,CS2_36,42,mono,1,0,0,22.800967172055337
calce,CS2_36,42,mono+floor,1,0,1,3.7995222575532863
calce,CS2_36,42,mono+rate,1,1,0,21.883366289394928
calce,CS2_36,42,mono+rate+floor,1,1,1,3.7995222575532863
calce,CS2_36,99,clip_only,0,0,0,20.19164031088536
calce,CS2_36,99,floor,0,0,1,6.579135962186497
calce,CS2_36,99,rate,0,1,0,19.28468616699764
calce,CS2_36,99,rate+floor,0,1,1,6.619324045593566
calce,CS2_36,99,mono,1,0,0,19.315013214441763
calce,CS2_36,99,mono+floor,1,0,1,5.807340855338392
calce,CS2_36,99,mono+rate,1,1,0,18.43346357996057
calce,CS2_36,99,mono+rate+floor,1,1,1,5.806326269077213
calce,CS2_36,123,clip_only,0,0,0,24.662470563710166
calce,CS2_36,123,floor,0,0,1,5.432458232916664
calce,CS2_36,123,rate,0,1,0,23.02246861585952
calce,CS2_36,123,rate+floor,0,1,1,5.464632745314337
calce,CS2_36,123,mono,1,0,0,22.8201407612473
calce,CS2_36,123,mono+floor,1,0,1,4.2023320315282335
calce,CS2_36,123,mono+rate,1,1,0,21.28856642195714
calce,CS2_36,123,mono+rate+floor,1,1,1,4.2015865066329185
calce,CS2_36,256,clip_only,0,0,0,22.4559298218338
calce,CS2_36,256,floor,0,0,1,5.168122117716241
calce,CS2_36,256,rate,0,1,0,21.40754376781397
calce,CS2_36,256,rate+floor,0,1,1,5.1921870897365405
calce,CS2_36,256,mono,1,0,0,21.912961146435443
calce,CS2_36,256,mono+floor,1,0,1,4.574885161478562
calce,CS2_36,256,mono+rate,1,1,0,20.838955425764752
calce,CS2_36,256,mono+rate+floor,1,1,1,4.574885161478562
calce,CS2_36,1234,clip_only,0,0,0,22.803246497127773
calce,CS2_36,1234,floor,0,0,1,4.764499065342155
calce,CS2_36,1234,rate,0,1,0,21.34135277308531
calce,CS2_36,1234,rate+floor,0,1,1,4.769858963356726
calce,CS2_36,1234,mono,1,0,0,22.293853813067084
calce,CS2_36,1234,mono+floor,1,0,1,4.187367650812571
calce,CS2_36,1234,mono+rate,1,1,0,20.84252475011509
calce,CS2_36,1234,mono+rate+floor,1,1,1,4.172887012451833
calce,CS2_36,2024,clip_only,0,0,0,22.187719645015015
calce,CS2_36,2024,floor,0,0,1,4.858165852058632
calce,CS2_36,2024,rate,0,1,0,21.095067246444795
calce,CS2_36,2024,rate+floor,0,1,1,4.884147938856814
calce,CS2_36,2024,mono,1,0,0,21.933185342673895
calce,CS2_36,2024,mono+floor,1,0,1,4.410904528153328
calce,CS2_36,2024,mono+rate,1,1,0,20.81764236286547
calce,CS2_36,2024,mono+rate+floor,1,1,1,4.410904528153328
calce,CS2_36,2718,clip_only,0,0,0,22.83681988691622
calce,CS2_36,2718,floor,0,0,1,3.561501043517441
calce,CS2_36,2718,rate,0,1,0,21.597986237105733
calce,CS2_36,2718,rate+floor,0,1,1,3.582613346599865
calce,CS2_36,2718,mono,1,0,0,22.86225270347907
calce,CS2_36,2718,mono+floor,1,0,1,3.2413714597876053
calce,CS2_36,2718,mono+rate,1,1,0,21.608398909477696
calce,CS2_36,2718,mono+rate+floor,1,1,1,3.241312118048427
calce,CS2_37,7,clip_only,0,0,0,22.0015484691241
calce,CS2_37,7,floor,0,0,1,4.41666128957622
calce,CS2_37,7,rate,0,1,0,20.59178205761776
calce,CS2_37,7,rate+floor,0,1,1,4.410504702522893
calce,CS2_37,7,mono,1,0,0,21.847971180573925
calce,CS2_37,7,mono+floor,1,0,1,3.9116528149164336
calce,CS2_37,7,mono+rate,1,1,0,20.430566411602037
calce,CS2_37,7,mono+rate+floor,1,1,1,3.9115804400963614
calce,CS2_37,42,clip_only,0,0,0,23.345417353778128
calce,CS2_37,42,floor,0,0,1,4.395731193022147
calce,CS2_37,42,rate,0,1,0,22.513843484974394
calce,CS2_37,42,rate+floor,0,1,1,4.395261700573819
calce,CS2_37,42,mono,1,0,0,22.60360909959501
calce,CS2_37,42,mono+floor,1,0,1,3.574654306927052
calce,CS2_37,42,mono+rate,1,1,0,21.753226957448664
calce,CS2_37,42,mono+rate+floor,1,1,1,3.574466840012715
calce,CS2_37,99,clip_only,0,0,0,19.244528907474233
calce,CS2_37,99,floor,0,0,1,6.036987029886672
calce,CS2_37,99,rate,0,1,0,18.289173597454987
calce,CS2_37,99,rate+floor,0,1,1,6.042121522106779
calce,CS2_37,99,mono,1,0,0,18.39820253886936
calce,CS2_37,99,mono+floor,1,0,1,5.201816013277748
calce,CS2_37,99,mono+rate,1,1,0,17.464070253535354
calce,CS2_37,99,mono+rate+floor,1,1,1,5.194559103777061
calce,CS2_37,123,clip_only,0,0,0,23.97770252062247
calce,CS2_37,123,floor,0,0,1,5.096598908699687
calce,CS2_37,123,rate,0,1,0,22.420317094903105
calce,CS2_37,123,rate+floor,0,1,1,5.096372918800324
calce,CS2_37,123,mono,1,0,0,22.34112231605392
calce,CS2_37,123,mono+floor,1,0,1,3.879942387902259
calce,CS2_37,123,mono+rate,1,1,0,20.908311192074233
calce,CS2_37,123,mono+rate+floor,1,1,1,3.8725507511480384
calce,CS2_37,256,clip_only,0,0,0,21.86979903733374
calce,CS2_37,256,floor,0,0,1,4.820125493066945
calce,CS2_37,256,rate,0,1,0,20.86661468841653
calce,CS2_37,256,rate+floor,0,1,1,4.816731180204604
calce,CS2_37,256,mono,1,0,0,21.351274012203245
calce,CS2_37,256,mono+floor,1,0,1,4.137310938952653
calce,CS2_37,256,mono+rate,1,1,0,20.34595823695988
calce,CS2_37,256,mono+rate+floor,1,1,1,4.137310938952653
calce,CS2_37,1234,clip_only,0,0,0,22.350774432102302
calce,CS2_37,1234,floor,0,0,1,4.493302644129249
calce,CS2_37,1234,rate,0,1,0,20.98459767476011
calce,CS2_37,1234,rate+floor,0,1,1,4.4679202357651215
calce,CS2_37,1234,mono,1,0,0,21.882444637684454
calce,CS2_37,1234,mono+floor,1,0,1,3.828179672764012
calce,CS2_37,1234,mono+rate,1,1,0,20.54180619429401
calce,CS2_37,1234,mono+rate+floor,1,1,1,3.805346213473691
calce,CS2_37,2024,clip_only,0,0,0,21.70331439953531
calce,CS2_37,2024,floor,0,0,1,4.579161852489846
calce,CS2_37,2024,rate,0,1,0,20.649345742156537
calce,CS2_37,2024,rate+floor,0,1,1,4.5800673804725065
calce,CS2_37,2024,mono,1,0,0,21.408765590705073
calce,CS2_37,2024,mono+floor,1,0,1,4.008207600087819
calce,CS2_37,2024,mono+rate,1,1,0,20.35224203759385
calce,CS2_37,2024,mono+rate+floor,1,1,1,4.008207600087819
calce,CS2_37,2718,clip_only,0,0,0,22.904285710481002
calce,CS2_37,2718,floor,0,0,1,3.5858939655591824
calce,CS2_37,2718,rate,0,1,0,21.716516828562288
calce,CS2_37,2718,rate+floor,0,1,1,3.5880090541117617
calce,CS2_37,2718,mono,1,0,0,22.90653496635039
calce,CS2_37,2718,mono+floor,1,0,1,3.110122150273426
calce,CS2_37,2718,mono+rate,1,1,0,21.721462846436914
calce,CS2_37,2718,mono+rate+floor,1,1,1,3.109824912726673
calce,CS2_38,7,clip_only,0,0,0,22.328795886837415
calce,CS2_38,7,floor,0,0,1,4.501236269515521
calce,CS2_38,7,rate,0,1,0,21.03549147737334
calce,CS2_38,7,rate+floor,0,1,1,4.49287654681817
calce,CS2_38,7,mono,1,0,0,22.181893983351248
calce,CS2_38,7,mono+floor,1,0,1,4.001209029112385
calce,CS2_38,7,mono+rate,1,1,0,20.881793301415495
calce,CS2_38,7,mono+rate+floor,1,1,1,4.001209029112385
calce,CS2_38,42,clip_only,0,0,0,23.4074076365361
calce,CS2_38,42,floor,0,0,1,4.450374247614901
calce,CS2_38,42,rate,0,1,0,22.91184313401667
calce,CS2_38,42,rate+floor,0,1,1,4.455126187376711
calce,CS2_38,42,mono,1,0,0,22.653514887964338
calce,CS2_38,42,mono+floor,1,0,1,3.6563067155372386
calce,CS2_38,42,mono+rate,1,1,0,22.169867846933702
calce,CS2_38,42,mono+rate+floor,1,1,1,3.6563067155372386
calce,CS2_38,99,clip_only,0,0,0,19.321710029942395
calce,CS2_38,99,floor,0,0,1,5.941478400652091
calce,CS2_38,99,rate,0,1,0,18.629880088113346
calce,CS2_38,99,rate+floor,0,1,1,5.949654550735125
calce,CS2_38,99,mono,1,0,0,18.47409934250995
calce,CS2_38,99,mono+floor,1,0,1,5.158270656404819
calce,CS2_38,99,mono+rate,1,1,0,17.811298925213194
calce,CS2_38,99,mono+rate+floor,1,1,1,5.1571845719970675
calce,CS2_38,123,clip_only,0,0,0,24.3273334574079
calce,CS2_38,123,floor,0,0,1,5.182663922518824
calce,CS2_38,123,rate,0,1,0,22.881512445263336
calce,CS2_38,123,rate+floor,0,1,1,5.192722655765922
calce,CS2_38,123,mono,1,0,0,22.727695846651887
calce,CS2_38,123,mono+floor,1,0,1,3.97947142588071
calce,CS2_38,123,mono+rate,1,1,0,21.392657640913857
calce,CS2_38,123,mono+rate+floor,1,1,1,3.976958184552429
calce,CS2_38,256,clip_only,0,0,0,22.278695521301497
calce,CS2_38,256,floor,0,0,1,4.893352699505966
calce,CS2_38,256,rate,0,1,0,21.332224458237214
calce,CS2_38,256,rate+floor,0,1,1,4.895030641004346
calce,CS2_38,256,mono,1,0,0,21.761134130565576
calce,CS2_38,256,mono+floor,1,0,1,4.2065709486498255
calce,CS2_38,256,mono+rate,1,1,0,20.815882259544274
calce,CS2_38,256,mono+rate+floor,1,1,1,4.2065709486498255
calce,CS2_38,1234,clip_only,0,0,0,22.549784724153994
calce,CS2_38,1234,floor,0,0,1,4.569664146379767
calce,CS2_38,1234,rate,0,1,0,21.415662208666078
calce,CS2_38,1234,rate+floor,0,1,1,4.545670107708505
calce,CS2_38,1234,mono,1,0,0,22.084630078957343
calce,CS2_38,1234,mono+floor,1,0,1,3.9126330546324786
calce,CS2_38,1234,mono+rate,1,1,0,20.945798672389035
calce,CS2_38,1234,mono+rate+floor,1,1,1,3.890552625334132
calce,CS2_38,2024,clip_only,0,0,0,22.074773752999572
calce,CS2_38,2024,floor,0,0,1,4.675318468637627
calce,CS2_38,2024,rate,0,1,0,21.143957989790124
calce,CS2_38,2024,rate+floor,0,1,1,4.6768746842856155
calce,CS2_38,2024,mono,1,0,0,21.767907125807795
calce,CS2_38,2024,mono+floor,1,0,1,4.093150847717054
calce,CS2_38,2024,mono+rate,1,1,0,20.836248150057493
calce,CS2_38,2024,mono+rate+floor,1,1,1,4.093150847717054
calce,CS2_38,2718,clip_only,0,0,0,23.3648382810855
calce,CS2_38,2718,floor,0,0,1,3.601176812057613
calce,CS2_38,2718,rate,0,1,0,22.22138125449109
calce,CS2_38,2718,rate+floor,0,1,1,3.6027091275453293
calce,CS2_38,2718,mono,1,0,0,23.367678308624807
calce,CS2_38,2718,mono+floor,1,0,1,3.1643458906191535
calce,CS2_38,2718,mono+rate,1,1,0,22.229104297276407
calce,CS2_38,2718,mono+rate+floor,1,1,1,3.1641277992062125
nasa,B0005,7,clip_only,0,0,0,13.935995101928711
nasa,B0005,7,floor,0,0,1,3.229697022829459
nasa,B0005,7,rate,0,1,0,10.055642615622492
nasa,B0005,7,rate+floor,0,1,1,3.1721354272972255
nasa,B0005,7,mono,1,0,0,13.933537346976138
nasa,B0005,7,mono+floor,1,0,1,2.570382664197664
nasa,B0005,7,mono+rate,1,1,0,10.150751444326792
nasa,B0005,7,mono+rate+floor,1,1,1,2.556838597030874
nasa,B0005,42,clip_only,0,0,0,15.71748704002017
nasa,B0005,42,floor,0,0,1,3.5554616995599764
nasa,B0005,42,rate,0,1,0,11.306221321551666
nasa,B0005,42,rate+floor,0,1,1,3.4814366583426604
nasa,B0005,42,mono,1,0,0,15.71748704002017
nasa,B0005,42,mono+floor,1,0,1,2.850284359928821
nasa,B0005,42,mono+rate,1,1,0,11.311079413640515
nasa,B0005,42,mono+rate+floor,1,1,1,2.8661804882316777
nasa,B0005,99,clip_only,0,0,0,10.721170402708507
nasa,B0005,99,floor,0,0,1,3.0167548571774714
nasa,B0005,99,rate,0,1,0,8.641068708097947
nasa,B0005,99,rate+floor,0,1,1,2.9448869421415544
nasa,B0005,99,mono,1,0,0,10.593800212488807
nasa,B0005,99,mono+floor,1,0,1,2.5898963903798746
nasa,B0005,99,mono+rate,1,1,0,8.700688858777479
nasa,B0005,99,mono+rate+floor,1,1,1,2.5717700455066317
nasa,B0005,123,clip_only,0,0,0,14.437103453136626
nasa,B0005,123,floor,0,0,1,3.3090603079028487
nasa,B0005,123,rate,0,1,0,10.280452066197658
nasa,B0005,123,rate+floor,0,1,1,3.256823501178636
nasa,B0005,123,mono,1,0,0,14.43710345313663
nasa,B0005,123,mono+floor,1,0,1,2.6955517035698615
nasa,B0005,123,mono+rate,1,1,0,10.842101000879119
nasa,B0005,123,mono+rate+floor,1,1,1,2.71926493807342
nasa,B0005,256,clip_only,0,0,0,14.246695722852435
nasa,B0005,256,floor,0,0,1,3.4624469934425766
nasa,B0005,256,rate,0,1,0,10.35317294286619
nasa,B0005,256,rate+floor,0,1,1,3.314199405686338
nasa,B0005,256,mono,1,0,0,14.246695722852435
nasa,B0005,256,mono+floor,1,0,1,2.7551846048325475
nasa,B0005,256,mono+rate,1,1,0,10.354209978099124
nasa,B0005,256,mono+rate+floor,1,1,1,2.6795819196036215
nasa,B0005,1234,clip_only,0,0,0,14.25798207237607
nasa,B0005,1234,floor,0,0,1,3.441760696621569
nasa,B0005,1234,rate,0,1,0,11.344495701203947
nasa,B0005,1234,rate+floor,0,1,1,3.3540705992465325
nasa,B0005,1234,mono,1,0,0,14.25798207237607
nasa,B0005,1234,mono+floor,1,0,1,2.7391468789659763
nasa,B0005,1234,mono+rate,1,1,0,11.34734420499996
nasa,B0005,1234,mono+rate+floor,1,1,1,2.7227180166921965
nasa,B0005,2024,clip_only,0,0,0,15.25528065363566
nasa,B0005,2024,floor,0,0,1,3.316150412687162
nasa,B0005,2024,rate,0,1,0,11.623814368809509
nasa,B0005,2024,rate+floor,0,1,1,3.2038445232471093
nasa,B0005,2024,mono,1,0,0,15.245733465467175
nasa,B0005,2024,mono+floor,1,0,1,2.61349415701599
nasa,B0005,2024,mono+rate,1,1,0,11.756665023913595
nasa,B0005,2024,mono+rate+floor,1,1,1,2.5726544951873587
nasa,B0005,2718,clip_only,0,0,0,19.07712241581508
nasa,B0005,2718,floor,0,0,1,3.5294890607485923
nasa,B0005,2718,rate,0,1,0,13.638105218981835
nasa,B0005,2718,rate+floor,0,1,1,3.4653110029726433
nasa,B0005,2718,mono,1,0,0,19.07712241581508
nasa,B0005,2718,mono+floor,1,0,1,2.8275093911003473
nasa,B0005,2718,mono+rate,1,1,0,13.828591834543095
nasa,B0005,2718,mono+rate+floor,1,1,1,2.820507441927932
nasa,B0006,7,clip_only,0,0,0,12.196997756049747
nasa,B0006,7,floor,0,0,1,3.049543218734346
nasa,B0006,7,rate,0,1,0,8.285158030667057
nasa,B0006,7,rate+floor,0,1,1,3.0499214256928515
nasa,B0006,7,mono,1,0,0,12.094309347968924
nasa,B0006,7,mono+floor,1,0,1,2.310430035807911
nasa,B0006,7,mono+rate,1,1,0,8.460191252791272
nasa,B0006,7,mono+rate+floor,1,1,1,2.310430035807911
nasa,B0006,42,clip_only,0,0,0,12.692973863510858
nasa,B0006,42,floor,0,0,1,2.7922869532675625
nasa,B0006,42,rate,0,1,0,7.618692228766641
nasa,B0006,42,rate+floor,0,1,1,2.5587721498970004
nasa,B0006,42,mono,1,0,0,12.687315940856934
nasa,B0006,42,mono+floor,1,0,1,2.0076056128160653
nasa,B0006,42,mono+rate,1,1,0,7.62754420838647
nasa,B0006,42,mono+rate+floor,1,1,1,1.9385026525270814
nasa,B0006,99,clip_only,0,0,0,9.398364657447452
nasa,B0006,99,floor,0,0,1,3.2951762563867546
nasa,B0006,99,rate,0,1,0,6.4467760772978355
nasa,B0006,99,rate+floor,0,1,1,3.0827611258803826
nasa,B0006,99,mono,1,0,0,9.277871466402944
nasa,B0006,99,mono+floor,1,0,1,2.5622091940517655
nasa,B0006,99,mono+rate,1,1,0,6.427757449543061
nasa,B0006,99,mono+rate+floor,1,1,1,2.4898857309712814
nasa,B0006,123,clip_only,0,0,0,13.537703763870965
nasa,B0006,123,floor,0,0,1,3.009091841927023
nasa,B0006,123,rate,0,1,0,8.906328499310018
nasa,B0006,123,rate+floor,0,1,1,3.0032551501675098
nasa,B0006,123,mono,1,0,0,13.231072677180096
nasa,B0006,123,mono+floor,1,0,1,2.221013941592731
nasa,B0006,123,mono+rate,1,1,0,9.183445506749928
nasa,B0006,123,mono+rate+floor,1,1,1,2.2176903449295873
nasa,B0006,256,clip_only,0,0,0,13.185733045850482
nasa,B0006,256,floor,0,0,1,3.0332815248626757
nasa,B0006,256,rate,0,1,0,9.349088313451151
nasa,B0006,256,rate+floor,0,1,1,3.0332815248626757
nasa,B0006,256,mono,1,0,0,13.184913566544532
nasa,B0006,256,mono+floor,1,0,1,2.3062016556793714
nasa,B0006,256,mono+rate,1,1,0,9.350363102944026
nasa,B0006,256,mono+rate+floor,1,1,1,2.3062016556793714
nasa,B0006,1234,clip_only,0,0,0,11.72005576179141
nasa,B0006,1234,floor,0,0,1,2.924859967448212
nasa,B0006,1234,rate,0,1,0,8.053721452632264
nasa,B0006,1234,rate+floor,0,1,1,2.899188743663097
nasa,B0006,1234,mono,1,0,0,11.718398992346707
nasa,B0006,1234,mono+floor,1,0,1,2.180315313688842
nasa,B0006,1234,mono+rate,1,1,0,8.100872349718395
nasa,B0006,1234,mono+rate+floor,1,1,1,2.1699543970509234
nasa,B0006,2024,clip_only,0,0,0,12.799297968546549
nasa,B0006,2024,floor,0,0,1,2.9114272074700502
nasa,B0006,2024,rate,0,1,0,9.28634290746128
nasa,B0006,2024,rate+floor,0,1,1,2.8979157875300645
nasa,B0006,2024,mono,1,0,0,12.799297968546549
nasa,B0006,2024,mono+floor,1,0,1,2.139668463223369
nasa,B0006,2024,mono+rate,1,1,0,9.78667346106918
nasa,B0006,2024,mono+rate+floor,1,1,1,2.139668463223369
nasa,B0006,2718,clip_only,0,0,0,17.71357082185291
nasa,B0006,2718,floor,0,0,1,3.00395604669757
nasa,B0006,2718,rate,0,1,0,12.187806635032807
nasa,B0006,2718,rate+floor,0,1,1,2.9765384763472333
nasa,B0006,2718,mono,1,0,0,17.71357082185291
nasa,B0006,2718,mono+floor,1,0,1,2.179290412658721
nasa,B0006,2718,mono+rate,1,1,0,12.187806635032809
nasa,B0006,2718,mono+rate+floor,1,1,1,2.1668296183685403
nasa,B0007,7,clip_only,0,0,0,16.263698691413516
nasa,B0007,7,floor,0,0,1,2.778660766536137
nasa,B0007,7,rate,0,1,0,11.721785332336095
nasa,B0007,7,rate+floor,0,1,1,2.6969423194690285
nasa,B0007,7,mono,1,0,0,16.258123738425112
nasa,B0007,7,mono+floor,1,0,1,2.2153509246202385
nasa,B0007,7,mono+rate,1,1,0,12.160181146315884
nasa,B0007,7,mono+rate+floor,1,1,1,2.192735035806167
nasa,B0007,42,clip_only,0,0,0,19.025585946582613
nasa,B0007,42,floor,0,0,1,2.971664553472866
nasa,B0007,42,rate,0,1,0,13.036789674555909
nasa,B0007,42,rate+floor,0,1,1,2.987400834372514
nasa,B0007,42,mono,1,0,0,19.025585946582613
nasa,B0007,42,mono+floor,1,0,1,2.410562024088351
nasa,B0007,42,mono+rate,1,1,0,13.111369239090047
nasa,B0007,42,mono+rate+floor,1,1,1,2.513704472637085
nasa,B0007,99,clip_only,0,0,0,16.06647979645502
nasa,B0007,99,floor,0,0,1,2.903018662572413
nasa,B0007,99,rate,0,1,0,11.586820814556539
nasa,B0007,99,rate+floor,0,1,1,2.8849892521276517
nasa,B0007,99,mono,1,0,0,16.066479796455017
nasa,B0007,99,mono+floor,1,0,1,2.337567850997862
nasa,B0007,99,mono+rate,1,1,0,11.727756384623726
nasa,B0007,99,mono+rate+floor,1,1,1,2.4113107294640272
nasa,B0007,123,clip_only,0,0,0,17.393174648284912
nasa,B0007,123,floor,0,0,1,2.7873287677102248
nasa,B0007,123,rate,0,1,0,12.746319339422788
nasa,B0007,123,rate+floor,0,1,1,2.7310026849850457
nasa,B0007,123,mono,1,0,0,17.391212940216057
nasa,B0007,123,mono+floor,1,0,1,2.233548749436561
nasa,B0007,123,mono+rate,1,1,0,13.407964595759918
nasa,B0007,123,mono+rate+floor,1,1,1,2.225380385542593
nasa,B0007,256,clip_only,0,0,0,17.25638768786476
nasa,B0007,256,floor,0,0,1,2.8584391269576237
nasa,B0007,256,rate,0,1,0,13.877613146920318
nasa,B0007,256,rate+floor,0,1,1,2.841860611577352
nasa,B0007,256,mono,1,0,0,17.25638768786476
nasa,B0007,256,mono+floor,1,0,1,2.286594887558473
nasa,B0007,256,mono+rate,1,1,0,13.877613146920318
nasa,B0007,256,mono+rate+floor,1,1,1,2.2736429106079066
nasa,B0007,1234,clip_only,0,0,0,19.360708055042085
nasa,B0007,1234,floor,0,0,1,2.8576443397756712
nasa,B0007,1234,rate,0,1,0,14.456726504819596
nasa,B0007,1234,rate+floor,0,1,1,2.750975380164195
nasa,B0007,1234,mono,1,0,0,19.360708055042085
nasa,B0007,1234,mono+floor,1,0,1,2.2934163563561762
nasa,B0007,1234,mono+rate,1,1,0,14.493349328714384
nasa,B0007,1234,mono+rate+floor,1,1,1,2.248935163718118
nasa,B0007,2024,clip_only,0,0,0,15.459616615658714
nasa,B0007,2024,floor,0,0,1,2.7238808816166062
nasa,B0007,2024,rate,0,1,0,11.602089895634284
nasa,B0007,2024,rate+floor,0,1,1,2.659937833564049
nasa,B0007,2024,mono,1,0,0,15.454211098807203
nasa,B0007,2024,mono+floor,1,0,1,2.270901944844363
nasa,B0007,2024,mono+rate,1,1,0,12.427344059222275
nasa,B0007,2024,mono+rate+floor,1,1,1,2.2889325153529163
nasa,B0007,2718,clip_only,0,0,0,23.15784586043585
nasa,B0007,2718,floor,0,0,1,2.844533724817408
nasa,B0007,2718,rate,0,1,0,18.03914624263174
nasa,B0007,2718,rate+floor,0,1,1,2.7597239807733907
nasa,B0007,2718,mono,1,0,0,23.15784586043585
nasa,B0007,2718,mono+floor,1,0,1,2.278312568913714
nasa,B0007,2718,mono+rate,1,1,0,18.039146242631745
nasa,B0007,2718,mono+rate+floor,1,1,1,2.2177619648783256
nasa,B0018,7,clip_only,0,0,0,11.35822209444913
nasa,B0018,7,floor,0,0,1,2.8178707826105778
nasa,B0018,7,rate,0,1,0,6.804706482426063
nasa,B0018,7,rate+floor,0,1,1,2.600602843161353
nasa,B0018,7,mono,1,0,0,11.35822209444913
nasa,B0018,7,mono+floor,1,0,1,1.9838948738872122
nasa,B0018,7,mono+rate,1,1,0,7.026419680634669
nasa,B0018,7,mono+rate+floor,1,1,1,1.8757329582627043
nasa,B0018,42,clip_only,0,0,0,12.971305933865635
nasa,B0018,42,floor,0,0,1,3.2234167996576053
nasa,B0018,42,rate,0,1,0,8.115634255609386
nasa,B0018,42,rate+floor,0,1,1,3.138618503381564
nasa,B0018,42,mono,1,0,0,12.971305933865633
nasa,B0018,42,mono+floor,1,0,1,2.388272298226956
nasa,B0018,42,mono+rate,1,1,0,8.132296860484027
nasa,B0018,42,mono+rate+floor,1,1,1,2.534741931914481
nasa,B0018,99,clip_only,0,0,0,7.981004599368934
nasa,B0018,99,floor,0,0,1,3.0364023759060044
nasa,B0018,99,rate,0,1,0,5.8592394421959115
nasa,B0018,99,rate+floor,0,1,1,2.895419607384577
nasa,B0018,99,mono,1,0,0,7.981004599368934
nasa,B0018,99,mono+floor,1,0,1,2.2123165422721707
nasa,B0018,99,mono+rate,1,1,0,5.864060720217877
nasa,B0018,99,mono+rate+floor,1,1,1,2.2571045500031786
nasa,B0018,123,clip_only,0,0,0,13.382375139178652
nasa,B0018,123,floor,0,0,1,2.9037808837865633
nasa,B0018,123,rate,0,1,0,7.914022594872744
nasa,B0018,123,rate+floor,0,1,1,2.7114537945900126
nasa,B0018,123,mono,1,0,0,13.382375139178649
nasa,B0018,123,mono+floor,1,0,1,2.068636382355914
nasa,B0018,123,mono+rate,1,1,0,8.560700630910338
nasa,B0018,123,mono+rate+floor,1,1,1,1.9313756226513823
nasa,B0018,256,clip_only,0,0,0,12.653325832251346
nasa,B0018,256,floor,0,0,1,2.974308021115613
nasa,B0018,256,rate,0,1,0,7.846143635806171
nasa,B0018,256,rate+floor,0,1,1,2.7159104573975785
nasa,B0018,256,mono,1,0,0,12.653325832251342
nasa,B0018,256,mono+floor,1,0,1,2.1246703668573854
nasa,B0018,256,mono+rate,1,1,0,7.8505810348016904
nasa,B0018,256,mono+rate+floor,1,1,1,1.9076808956184692
nasa,B0018,1234,clip_only,0,0,0,11.589117483659225
nasa,B0018,1234,floor,0,0,1,2.9800590372314306
nasa,B0018,1234,rate,0,1,0,8.003232142272102
nasa,B0018,1234,rate+floor,0,1,1,2.757472768470006
nasa,B0018,1234,mono,1,0,0,11.589117483659225
nasa,B0018,1234,mono+floor,1,0,1,2.144914535800782
nasa,B0018,1234,mono+rate,1,1,0,8.006762223066659
nasa,B0018,1234,mono+rate+floor,1,1,1,1.9935238202147556
nasa,B0018,2024,clip_only,0,0,0,12.361408667130904
nasa,B0018,2024,floor,0,0,1,2.782639763687706
nasa,B0018,2024,rate,0,1,0,8.854656838693106
nasa,B0018,2024,rate+floor,0,1,1,2.570002366021947
nasa,B0018,2024,mono,1,0,0,12.361408667130906
nasa,B0018,2024,mono+floor,1,0,1,1.9486638549643405
nasa,B0018,2024,mono+rate,1,1,0,8.855410476346405
nasa,B0018,2024,mono+rate+floor,1,1,1,1.7997253163766949
nasa,B0018,2718,clip_only,0,0,0,17.044988603302926
nasa,B0018,2718,floor,0,0,1,3.0157264162088597
nasa,B0018,2718,rate,0,1,0,10.887004711234717
nasa,B0018,2718,rate+floor,0,1,1,2.818203226102302
nasa,B0018,2718,mono,1,0,0,17.044988603302926
nasa,B0018,2718,mono+floor,1,0,1,2.1805819147782106
nasa,B0018,2718,mono+rate,1,1,0,10.887004711234717
nasa,B0018,2718,mono+rate+floor,1,1,1,2.086331539125108
