stage,dataset,method,cell,seed,mae,rmse,r2,mae_raw,raw_pvr,proj_pvr,accept_rate,k0_labelfree,n_refine_iters
e1,nasa,direct,B0005,42,15.717487335205078,17.825124877663463,-2.526353359222412,15.717487335205078,92.26190476190477,,,,
e2,nasa,coral,B0005,42,32.938079833984375,34.35915828149025,-12.102245330810547,32.938079833984375,99.40476190476191,,,,
e2,nasa,self_train,B0005,42,12.121570587158203,13.99836394423414,-1.1747796535491943,12.121570587158203,87.5,,,,
e2,nasa,dann,B0005,42,8.460283279418945,9.951473751861299,-0.09909558296203613,8.460283279418945,49.404761904761905,,,,
e3,nasa,hipif,B0005,42,2.7883318981758385,2.948238719817873,0.9035314073622691,13.743085861206055,89.88095238095238,0.0,7.478632478632479,0.6,14.0
e4,nasa,no_gate,B0005,42,2.448249384799201,2.7266364520753585,0.9174883780027125,3.9313900470733643,48.214285714285715,0.0,100.0,0.6,14.0
e4,nasa,no_anchor,B0005,42,2.7446138419368866,2.9148238182151105,0.905705736895408,11.68931770324707,88.69047619047619,0.0,7.264957264957266,0.6,14.0
e4,nasa,no_projection,B0005,42,2.8711610388123256,3.048308800946981,0.8968715307487172,15.172124862670898,90.47619047619048,0.0,7.051282051282051,0.6,14.0
e4,nasa,direct_proj,B0005,42,2.846880352368391,3.0358511548998695,0.8977127268714861,15.717487335205078,92.26190476190477,0.0,,,
e1,nasa,direct,B0006,42,12.698317527770996,15.652078586785656,-0.5519039630889893,12.698317527770996,85.71428571428571,,,,
e2,nasa,coral,B0006,42,12.811565399169922,15.556741530000748,-0.5330561399459839,12.811565399169922,95.83333333333334,,,,
e2,nasa,self_train,B0006,42,10.858180046081543,13.244726895158834,-0.1112372875213623,10.858180046081543,79.76190476190477,,,,
e2,nasa,dann,B0006,42,9.309192657470703,11.649450041924592,0.14033019542694092,9.309192657470703,55.35714285714286,,,,
e3,nasa,hipif,B0006,42,2.038165700564284,2.3551410444648977,0.9648638119341524,12.503138542175293,77.38095238095238,0.0,4.273504273504273,0.6,14.0
e4,nasa,no_gate,B0006,42,2.0922071878955224,2.507612463278798,0.9601671262386777,3.650169849395752,51.78571428571429,0.0,100.0,0.6,14.0
e4,nasa,no_anchor,B0006,42,2.1589411174790802,2.5069616917324384,0.9601877982823864,3.336879253387451,41.07142857142857,0.0,20.726495726495727,0.6,14.0
e4,nasa,no_projection,B0006,42,2.04154764931587,2.3605902989020247,0.9647010297234324,12.101048469543457,76.78571428571429,0.0,4.700854700854701,0.6,14.0
e4,nasa,direct_proj,B0006,42,1.9867688026598407,2.2941660135630673,0.9666596247195314,12.698317527770996,85.71428571428571,0.0,,,
e1,nasa,direct,B0007,42,19.08059310913086,20.338337683702868,-5.42539644241333,19.08059310913086,98.21428571428571,,,,
e2,nasa,coral,B0007,42,14.714845657348633,16.616631947401093,-3.288990020751953,14.714845657348633,95.23809523809523,,,,
e2,nasa,self_train,B0007,42,15.832527160644531,17.276004374520095,-3.6361303329467773,15.832527160644531,95.83333333333334,,,,
e2,nasa,dann,B0007,42,16.61289405822754,17.723321341801757,-3.879319667816162,16.61289405822754,98.80952380952381,,,,
e3,nasa,hipif,B0007,42,2.3849821286903485,2.594011839204596,0.8954767473806664,17.37244987487793,92.85714285714286,0.0,10.897435897435898,0.6,14.0
e4,nasa,no_gate,B0007,42,2.369788190538432,2.5517155161805465,0.8988575389277065,7.392977714538574,86.90476190476191,0.0,100.0,0.6,14.0
e4,nasa,no_anchor,B0007,42,2.3688457842228066,2.5430251713597567,0.8995452849722014,13.901117324829102,88.69047619047619,0.0,10.042735042735043,0.6,14.0
e4,nasa,no_projection,B0007,42,2.4252852757168872,2.6500631391764147,0.8909108768760097,18.79690170288086,95.83333333333334,0.0,8.76068376068376,0.6,14.0
e4,nasa,direct_proj,B0007,42,2.4406384357678985,2.696747860580574,0.8870334946745435,19.08059310913086,98.21428571428571,0.0,,,
e1,nasa,direct,B0018,42,12.971304893493652,13.95926625944047,-2.273944139480591,12.971304893493652,90.9090909090909,,,,
e2,nasa,coral,B0018,42,14.263235092163086,16.556768613291137,-3.6057167053222656,14.263235092163086,81.06060606060606,,,,
e2,nasa,self_train,B0018,42,9.862164497375488,10.839127932446296,-0.9739437103271484,9.862164497375488,93.18181818181817,,,,
e2,nasa,dann,B0018,42,6.754598140716553,8.466624989244304,-0.20438885688781738,6.754598140716553,62.878787878787875,,,,
e3,nasa,hipif,B0018,42,2.5870575731331056,3.0789767435187536,0.8407208748005032,11.574737548828125,85.60606060606061,0.0,7.936507936507936,0.6,14.0
e4,nasa,no_gate,B0018,42,2.3470770282581204,2.801785374189318,0.8681088143550517,2.2371442317962646,0.0,0.0,100.0,0.6,14.0
e4,nasa,no_anchor,B0018,42,2.253458873446178,2.6214629409935317,0.8845394851271237,5.836477756500244,65.9090909090909,0.0,9.325396825396826,0.6,14.0
e4,nasa,no_projection,B0018,42,2.5041733942006705,2.977974705335528,0.8509993874551238,12.117647171020508,89.39393939393939,0.0,7.142857142857142,0.6,14.0
e4,nasa,direct_proj,B0018,42,2.3046293738548775,2.808125028338442,0.8675112735939243,12.971304893493652,90.9090909090909,0.0,,,
e1,nasa,direct,B0005,123,14.437105178833008,17.826170912026104,-2.5267672538757324,14.437105178833008,81.54761904761905,,,,
e2,nasa,coral,B0005,123,33.433963775634766,34.99681207579842,-12.593072891235352,33.433963775634766,97.61904761904762,,,,
e2,nasa,self_train,B0005,123,11.927099227905273,14.658398696438503,-1.384699821472168,11.927099227905273,79.16666666666666,,,,
e2,nasa,dann,B0005,123,18.809309005737305,20.352131559942393,-3.5970630645751953,18.809309005737305,98.21428571428571,,,,
e3,nasa,hipif,B0005,123,2.710586219985109,2.909736993230994,0.9060345662886787,15.022363662719727,89.28571428571429,0.0,9.401709401709402,0.6,14.0
e4,nasa,no_gate,B0005,123,2.442970039372894,2.7350682962662547,0.9169772714564121,3.9775142669677734,52.976190476190474,0.0,100.0,0.6,14.0
e4,nasa,no_anchor,B0005,123,2.6958884837082597,2.896945699536954,0.9068589002961749,12.850666999816895,86.90476190476191,0.0,11.11111111111111,0.6,14.0
e4,nasa,no_projection,B0005,123,2.7172179935307854,2.917589505079826,0.9055267126086985,14.367451667785645,81.54761904761905,0.0,10.47008547008547,0.6,14.0
e4,nasa,direct_proj,B0005,123,2.729572644904601,2.911046912937296,0.9059499436031161,14.437105178833008,81.54761904761905,0.0,,,
e1,nasa,direct,B0006,123,13.537703514099121,17.336024637849953,-0.9037933349609375,13.537703514099121,79.76190476190477,,,,
e2,nasa,coral,B0006,123,14.019822120666504,16.686857175411376,-0.7638834714889526,14.019822120666504,99.40476190476191,,,,
e2,nasa,self_train,B0006,123,11.304534912109375,13.970279754917726,-0.23632025718688965,11.304534912109375,75.59523809523809,,,,
e2,nasa,dann,B0006,123,12.054722785949707,15.180958536113433,-0.4598867893218994,12.054722785949707,76.19047619047619,,,,
e3,nasa,hipif,B0006,123,2.440832189442333,2.853482898584567,0.9484211863636894,10.648615837097168,68.45238095238095,0.0,10.897435897435898,0.6,14.0
e4,nasa,no_gate,B0006,123,2.3760272507583657,2.8249045331270493,0.949449162911811,4.127440452575684,51.19047619047619,0.0,100.0,0.6,14.0
e4,nasa,no_anchor,B0006,123,2.5882158454586035,3.1258762378947655,0.9381037470414056,4.382747173309326,47.61904761904761,0.0,11.324786324786325,0.6,14.0
e4,nasa,no_projection,B0006,123,2.2148698064826755,2.5210663843457946,0.9597385544530099,13.277010917663574,80.35714285714286,0.0,8.974358974358974,0.6,14.0
e4,nasa,direct_proj,B0006,123,2.2201274573696583,2.5273252785534304,0.9595383971446116,13.537703514099121,79.76190476190477,0.0,,,
e1,nasa,direct,B0007,123,17.393173217773438,19.787811010811918,-5.082253932952881,17.393173217773438,93.45238095238095,,,,
e2,nasa,coral,B0007,123,13.923842430114746,16.15933428309026,-3.0561680793762207,13.923842430114746,97.61904761904762,,,,
e2,nasa,self_train,B0007,123,14.370182991027832,15.994952359308936,-2.974064588546753,14.370182991027832,96.42857142857143,,,,
e2,nasa,dann,B0007,123,18.7279052734375,19.77929755002097,-5.07702112197876,18.7279052734375,98.80952380952381,,,,
e3,nasa,hipif,B0007,123,2.239792383785828,2.406799335700524,0.9100194229438792,15.648378372192383,91.66666666666666,0.0,15.598290598290598,0.6,14.0
e4,nasa,no_gate,B0007,123,1.9947435976092063,2.1893453865554564,0.9255443655219193,5.957204341888428,78.57142857142857,0.0,100.0,0.6,14.0
e4,nasa,no_anchor,B0007,123,2.2103404112784326,2.3791683666364682,0.9120735858770505,9.71126937866211,92.26190476190477,0.0,15.384615384615385,0.6,14.0
e4,nasa,no_projection,B0007,123,2.203061842066409,2.3789691170408904,0.9120883125093483,16.426097869873047,92.85714285714286,0.0,14.316239316239315,0.6,14.0
e4,nasa,direct_proj,B0007,123,2.2347788313424792,2.3943327234298755,0.9109491620800209,17.393173217773438,93.45238095238095,0.0,,,
e1,nasa,direct,B0018,123,13.382375717163086,15.608247855638597,-3.093118667602539,13.382375717163086,91.66666666666666,,,,
e2,nasa,coral,B0018,123,13.805747985839844,16.462802457239587,-3.553586483001709,13.805747985839844,84.0909090909091,,,,
e2,nasa,self_train,B0018,123,9.841460227966309,11.39430828222884,-1.181333065032959,9.841460227966309,89.39393939393939,,,,
e2,nasa,dann,B0018,123,11.949292182922363,13.212387537770839,-1.9329771995544434,11.949292182922363,98.48484848484848,,,,
e3,nasa,hipif,B0018,123,2.0345150509858185,2.3259575850429957,0.9091029839626283,11.884869575500488,88.63636363636364,0.0,15.079365079365079,0.6,14.0
e4,nasa,no_gate,B0018,123,2.376644770256007,2.867302891111387,0.8618683530728426,2.2095072269439697,0.0,0.0,100.0,0.6,14.0
e4,nasa,no_anchor,B0018,123,1.960855453898052,2.241586243720423,0.915577744656265,5.991520881652832,81.81818181818183,0.0,15.873015873015872,0.6,14.0
e4,nasa,no_projection,B0018,123,1.975270017917101,2.255510989282605,0.9145256238946227,12.738487243652344,90.9090909090909,0.0,14.285714285714285,0.6,14.0
e4,nasa,direct_proj,B0018,123,2.080292389021149,2.3436082929980255,0.9077181915328717,13.382375717163086,91.66666666666666,0.0,,,
e1,nasa,direct,B0005,2024,15.255281448364258,17.654984744488594,-2.4593567848205566,15.255281448364258,91.66666666666666,,,,
e2,nasa,coral,B0005,2024,35.68259811401367,37.093978714016885,-14.271000862121582,35.68259811401367,100.0,,,,
e2,nasa,self_train,B0005,2024,8.628718376159668,11.03807967360534,-0.35222113132476807,8.628718376159668,65.47619047619048,,,,
e2,nasa,dann,B0005,2024,8.045186042785645,9.735511382807049,-0.05190908908843994,8.045186042785645,55.35714285714286,,,,
e3,nasa,hipif,B0005,2024,2.58309382395228,2.8312518805626947,0.9110353105222715,14.938551902770996,91.66666666666666,0.0,6.837606837606838,0.6,14.0
e4,nasa,no_gate,B0005,2024,2.4527113359901973,2.68209019165476,0.9201624120710267,5.70255184173584,72.02380952380952,0.0,100.0,0.6,14.0
e4,nasa,no_anchor,B0005,2024,2.5707901896068557,2.8256508241797063,0.9113869594563422,12.463278770446777,88.69047619047619,0.0,6.837606837606838,0.6,14.0
e4,nasa,no_projection,B0005,2024,2.582356021452137,2.8266572733941784,0.9113238232703023,15.079331398010254,91.66666666666666,0.0,6.623931623931624,0.6,14.0
e4,nasa,direct_proj,B0005,2024,2.58548795684694,2.833060468424329,0.9109216139276558,15.255281448364258,91.66666666666666,0.0,,,
e1,nasa,direct,B0006,2024,12.799299240112305,15.313292689144241,-0.4854496717453003,12.799299240112305,91.07142857142857,,,,
e2,nasa,coral,B0006,2024,11.764904022216797,14.564780912103625,-0.34378159046173096,11.764904022216797,98.80952380952381,,,,
e2,nasa,self_train,B0006,2024,7.507197856903076,9.14514778597611,0.47021186351776123,7.507197856903076,60.11904761904761,,,,
e2,nasa,dann,B0006,2024,9.830390930175781,11.026065807769589,0.22987371683120728,9.830390930175781,35.714285714285715,,,,
e3,nasa,hipif,B0006,2024,2.2593603693008504,2.5951752569880866,0.9573367256125179,10.814826965332031,80.35714285714286,0.0,6.196581196581197,0.6,14.0
e4,nasa,no_gate,B0006,2024,2.1241484919576403,2.4796537219766224,0.9610504114610277,3.4535181522369385,50.595238095238095,0.0,100.0,0.6,14.0
e4,nasa,no_anchor,B0006,2024,2.4072234390194702,2.818867548298006,0.9496649921867991,6.553035736083984,71.42857142857143,0.0,9.615384615384617,0.6,14.0
e4,nasa,no_projection,B0006,2024,2.2837092651762942,2.628801546963551,0.9562239669234627,10.958982467651367,79.16666666666666,0.0,5.769230769230769,0.6,14.0
e4,nasa,direct_proj,B0006,2024,2.1396684632233693,2.4631355508905126,0.9615676071021019,12.799299240112305,91.07142857142857,0.0,,,
e1,nasa,direct,B0007,2024,15.459617614746094,17.21021669932981,-3.600888252258301,15.459617614746094,94.04761904761905,,,,
e2,nasa,coral,B0007,2024,12.695478439331055,14.08594291631898,-2.0820584297180176,12.695478439331055,96.42857142857143,,,,
e2,nasa,self_train,B0007,2024,9.038763046264648,10.508906991674632,-0.715474009513855,9.038763046264648,87.5,,,,
e2,nasa,dann,B0007,2024,6.453165054321289,7.914482805966382,0.026997148990631104,6.453165054321289,55.952380952380956,,,,
e3,nasa,hipif,B0007,2024,2.0607251554629817,2.268007184654376,0.9200979613681687,14.213252067565918,88.69047619047619,0.0,9.82905982905983,0.6,14.0
e4,nasa,no_gate,B0007,2024,2.1316823621857135,2.2795811003264417,0.9192803809881096,7.193263530731201,78.57142857142857,0.0,100.0,0.6,14.0
e4,nasa,no_anchor,B0007,2024,2.0608906952151593,2.2563254474308656,0.9209189383257094,11.002817153930664,82.14285714285714,0.0,11.324786324786325,0.6,14.0
e4,nasa,no_projection,B0007,2024,2.2051313455629726,2.3523683689530195,0.9140433126179442,15.121346473693848,92.85714285714286,0.0,8.11965811965812,0.6,14.0
e4,nasa,direct_proj,B0007,2024,2.286124379248825,2.4266719569572746,0.9085273731834744,15.459617614746094,94.04761904761905,0.0,,,
e1,nasa,direct,B0018,2024,12.361408233642578,13.781285430793456,-2.190990447998047,12.361408233642578,87.12121212121212,,,,
e2,nasa,coral,B0018,2024,12.159822463989258,14.452591311937207,-2.509437322616577,12.159822463989258,81.81818181818183,,,,
e2,nasa,self_train,B0018,2024,4.41294002532959,5.73132409367148,0.4481056332588196,4.41294002532959,53.78787878787878,,,,
e2,nasa,dann,B0018,2024,5.399654865264893,5.976246544957235,0.39992839097976685,5.399654865264893,43.93939393939394,,,,
e3,nasa,hipif,B0018,2024,1.8577415100596508,2.08766287011462,0.926773752519527,10.366324424743652,81.81818181818183,0.0,7.142857142857142,0.6,14.0
e4,nasa,no_gate,B0018,2024,2.6788525113683224,3.2384540264849404,0.8237936655081808,2.6110267639160156,0.0,0.0,100.0,0.6,14.0
e4,nasa,no_anchor,B0018,2024,1.8448818280353514,2.1022612235254217,0.9257460768535866,7.023098945617676,72.72727272727273,0.0,7.341269841269842,0.6,14.0
e4,nasa,no_projection,B0018,2024,1.8799247707446365,2.0950616693084676,0.9262537965728559,12.108856201171875,87.12121212121212,0.0,5.753968253968254,0.6,14.0
e4,nasa,direct_proj,B0018,2024,1.8322379702976468,2.08557091759353,0.9269204324120727,12.361408233642578,87.12121212121212,0.0,,,
e1,nasa,direct,B0005,7,13.935994148254395,16.893161523231818,-2.1672513484954834,13.935994148254395,86.90476190476191,,,,
e2,nasa,coral,B0005,7,32.34711837768555,33.9365216249397,-11.78189754486084,32.34711837768555,98.80952380952381,,,,
e2,nasa,self_train,B0005,7,13.587352752685547,15.624046845927914,-1.7092416286468506,13.587352752685547,92.85714285714286,,,,
e2,nasa,dann,B0005,7,15.434062004089355,16.73504061759804,-2.1082375049591064,15.434062004089355,98.21428571428571,,,,
e3,nasa,hipif,B0005,7,2.565483793687364,2.8208379016549623,0.9116885710196442,12.097515106201172,80.95238095238095,0.0,12.179487179487179,0.6,14.0
e4,nasa,no_gate,B0005,7,2.4557916980857435,2.7041788428199163,0.9188419744480876,4.050349712371826,55.35714285714286,0.0,100.0,0.6,14.0
e4,nasa,no_anchor,B0005,7,2.5388943825901498,2.7859417310649284,0.9138600314006217,7.970668792724609,77.38095238095238,0.0,14.529914529914532,0.6,14.0
e4,nasa,no_projection,B0005,7,2.5858647749749557,2.8256338863004613,0.9113880218045056,12.167277336120605,79.16666666666666,0.0,13.034188034188036,0.6,14.0
e4,nasa,direct_proj,B0005,7,2.566049495493254,2.8243496451483865,0.9114685511956987,13.935994148254395,86.90476190476191,0.0,,,
e1,nasa,direct,B0006,7,12.196998596191406,15.961532126099298,-0.613875150680542,12.196998596191406,76.19047619047619,,,,
e2,nasa,coral,B0006,7,12.572958946228027,15.687341453693344,-0.5589044094085693,12.572958946228027,93.45238095238095,,,,
e2,nasa,self_train,B0006,7,12.972855567932129,15.828970913815898,-0.5871798992156982,12.972855567932129,80.95238095238095,,,,
e2,nasa,dann,B0006,7,8.025678634643555,9.957921571611577,0.3718574643135071,8.025678634643555,63.69047619047619,,,,
e3,nasa,hipif,B0006,7,2.3827462794183747,2.776054549857613,0.9511823586794795,11.404966354370117,75.0,0.0,12.393162393162394,0.6,14.0
e4,nasa,no_gate,B0006,7,2.3280179516207555,2.7991708573673617,0.9503659611264756,3.9760477542877197,55.35714285714286,0.0,100.0,0.6,14.0
e4,nasa,no_anchor,B0006,7,2.6852131264059773,3.164613232316702,0.9365601598672527,3.5288162231445312,24.404761904761905,0.0,15.384615384615385,0.6,14.0
e4,nasa,no_projection,B0006,7,2.3208390100776985,2.686271127661549,0.9542890245464045,11.710966110229492,76.19047619047619,0.0,8.974358974358974,0.6,14.0
e4,nasa,direct_proj,B0006,7,2.3104300358079115,2.670684100906201,0.9548179592937936,12.196998596191406,76.19047619047619,0.0,,,
e1,nasa,direct,B0007,7,16.26369857788086,18.510980594984442,-4.322649955749512,16.26369857788086,94.64285714285714,,,,
e2,nasa,coral,B0007,7,14.7426118850708,16.778628352304775,-3.3730249404907227,14.7426118850708,97.02380952380952,,,,
e2,nasa,self_train,B0007,7,15.987252235412598,17.168560232273954,-3.5786428451538086,15.987252235412598,100.0,,,,
e2,nasa,dann,B0007,7,10.32993221282959,11.403936783844511,-1.0201268196105957,10.32993221282959,97.02380952380952,,,,
e3,nasa,hipif,B0007,7,2.209467489425147,2.3792762380510997,0.9120656125349138,15.23589038848877,94.04761904761905,0.0,18.37606837606838,0.6,14.0
e4,nasa,no_gate,B0007,7,2.261376757793588,2.3918681803096713,0.9111323919838396,7.1081366539001465,81.54761904761905,0.0,100.0,0.6,14.0
e4,nasa,no_anchor,B0007,7,2.0187204058118504,2.2421466474992724,0.9219097098439415,5.920608043670654,84.52380952380952,0.0,23.076923076923077,0.6,14.0
e4,nasa,no_projection,B0007,7,2.2201544466296306,2.3931512399793218,0.9110370246663512,15.891987800598145,94.04761904761905,0.0,15.598290598290598,0.6,14.0
e4,nasa,direct_proj,B0007,7,2.1966552665003345,2.3628632672741734,0.9132746243091727,16.26369857788086,94.64285714285714,0.0,,,
e1,nasa,direct,B0018,7,11.358222007751465,13.47225871042945,-2.049487829208374,11.358222007751465,87.87878787878788,,,,
e2,nasa,coral,B0018,7,14.895626068115234,17.214312360615168,-3.978808879852295,14.895626068115234,83.33333333333334,,,,
e2,nasa,self_train,B0018,7,11.618290901184082,12.476124048142854,-1.6152031421661377,11.618290901184082,100.0,,,,
e2,nasa,dann,B0018,7,6.032973766326904,7.4978535441668495,0.05546087026596069,6.032973766326904,61.36363636363637,,,,
e3,nasa,hipif,B0018,7,1.7702567069535264,2.0173180780090725,0.9316253989204534,10.109685897827148,85.60606060606061,0.0,17.063492063492063,0.6,14.0
e4,nasa,no_gate,B0018,7,2.287048847865817,2.8277330767532374,0.8656545790315459,2.165426731109619,0.0,0.0,100.0,0.6,14.0
e4,nasa,no_anchor,B0018,7,1.7828871037616765,2.0170674282288634,0.931642388818303,4.234303951263428,68.93939393939394,0.0,16.071428571428573,0.6,14.0
e4,nasa,no_projection,B0018,7,1.7217473037007824,1.9866966892265634,0.9336853959717727,10.583925247192383,86.36363636363636,0.0,13.690476190476192,0.6,14.0
e4,nasa,direct_proj,B0018,7,1.879386935684808,2.121799394889468,0.9243594484211254,11.358222007751465,87.87878787878788,0.0,,,
e1,nasa,direct,B0005,99,10.721170425415039,13.795740238583384,-1.1122760772705078,10.721170425415039,67.85714285714286,,,,
e2,nasa,coral,B0005,99,32.734039306640625,34.21531446794878,-11.992769241333008,32.734039306640625,98.80952380952381,,,,
e2,nasa,self_train,B0005,99,10.965237617492676,12.760168471225704,-0.8070639371871948,10.965237617492676,85.71428571428571,,,,
e2,nasa,dann,B0005,99,15.551676750183105,16.995853591586407,-2.2058753967285156,15.551676750183105,97.61904761904762,,,,
e3,nasa,hipif,B0005,99,2.377816616692411,2.6838084835147744,0.9200600827595682,6.212012767791748,61.30952380952381,0.0,22.435897435897438,0.6,14.0
e4,nasa,no_gate,B0005,99,2.761422518654414,3.074367662236854,0.8951007801527803,4.5673441886901855,50.0,0.0,100.0,0.6,14.0
e4,nasa,no_anchor,B0005,99,2.3624926985037105,2.68477058042555,0.9200027584509886,4.569920063018799,63.095238095238095,0.0,25.64102564102564,0.6,14.0
e4,nasa,no_projection,B0005,99,2.452628518745198,2.746947946342925,0.9162544939674026,9.643424034118652,66.07142857142857,0.0,16.45299145299145,0.6,14.0
e4,nasa,direct_proj,B0005,99,2.5855614727399012,2.834595201313902,0.910825076236179,10.721170425415039,67.85714285714286,0.0,,,
e1,nasa,direct,B0006,99,9.39277172088623,11.832633485828966,0.11308169364929199,9.39277172088623,67.26190476190477,,,,
e2,nasa,coral,B0006,99,12.7908935546875,15.816687470487064,-0.5847175121307373,12.7908935546875,98.80952380952381,,,,
e2,nasa,self_train,B0006,99,7.938329696655273,9.247661810555268,0.4582677483558655,7.938329696655273,75.0,,,,
e2,nasa,dann,B0006,99,12.77178955078125,15.027318872639922,-0.4304865598678589,12.77178955078125,89.28571428571429,,,,
e3,nasa,hipif,B0006,99,2.63451786592667,3.09855313407309,0.9391810810665944,4.693355560302734,35.714285714285715,0.0,22.863247863247864,0.6,14.0
e4,nasa,no_gate,B0006,99,2.421124188153388,2.9543945850569084,0.9447085731054696,3.829603672027588,42.857142857142854,0.0,100.0,0.6,14.0
e4,nasa,no_anchor,B0006,99,2.653340472420019,3.191220686274353,0.9354888954983606,3.71281361579895,26.785714285714285,0.0,26.70940170940171,0.6,14.0
e4,nasa,no_projection,B0006,99,2.60716653555675,3.144694597250168,0.9373562497276612,8.224776268005371,69.04761904761905,0.0,15.598290598290598,0.6,14.0
e4,nasa,direct_proj,B0006,99,2.537301295553694,3.0868544180514035,0.9396394628180543,9.39277172088623,67.26190476190477,0.0,,,
e1,nasa,direct,B0007,99,16.085609436035156,17.60039388042477,-3.8118691444396973,16.085609436035156,97.61904761904762,,,,
e2,nasa,coral,B0007,99,15.184041023254395,16.38170317685586,-3.1685705184936523,15.184041023254395,94.64285714285714,,,,
e2,nasa,self_train,B0007,99,12.11738109588623,13.002847799744497,-1.626310110092163,12.11738109588623,97.61904761904762,,,,
e2,nasa,dann,B0007,99,7.549327850341797,9.138354418842322,-0.297194242477417,7.549327850341797,77.97619047619048,,,,
e3,nasa,hipif,B0007,99,2.2426483858485704,2.4112891399998393,0.9096833982528911,11.089759826660156,94.04761904761905,0.0,36.53846153846153,0.6,14.0
e4,nasa,no_gate,B0007,99,2.2234674300895785,2.4047599829413904,0.9101718447864098,7.691075801849365,86.30952380952381,0.0,100.0,0.6,14.0
e4,nasa,no_anchor,B0007,99,2.2442165540908263,2.420853215148583,0.9089655184942266,8.349306106567383,92.26190476190477,0.0,35.8974358974359,0.6,14.0
e4,nasa,no_projection,B0007,99,2.2814960067142116,2.469298064028675,0.9052855939976839,15.301399230957031,95.83333333333334,0.0,27.136752136752136,0.6,14.0
e4,nasa,direct_proj,B0007,99,2.3675968036996244,2.590385613079361,0.8957687738240061,16.085609436035156,97.61904761904762,0.0,,,
e1,nasa,direct,B0018,99,7.981004238128662,9.175577953127846,-0.4145324230194092,7.981004238128662,85.60606060606061,,,,
e2,nasa,coral,B0018,99,13.516363143920898,15.831016826154913,-3.2107911109924316,13.516363143920898,84.0909090909091,,,,
e2,nasa,self_train,B0018,99,6.113959312438965,6.9745530398873,0.18270504474639893,6.113959312438965,81.81818181818183,,,,
e2,nasa,dann,B0018,99,11.9898681640625,12.727507254681443,-1.7216529846191406,11.9898681640625,96.21212121212122,,,,
e3,nasa,hipif,B0018,99,2.087158979701823,2.4294541962299205,0.9008338447413683,4.257127285003662,53.03030303030303,0.0,22.42063492063492,0.6,14.0
e4,nasa,no_gate,B0018,99,2.534417209070252,2.9916768454109395,0.8496250814959252,2.466188430786133,0.0,0.0,100.0,0.6,14.0
e4,nasa,no_anchor,B0018,99,1.9231711521000185,2.2653103364967846,0.9137813024465015,2.657876491546631,40.909090909090914,0.0,24.801587301587304,0.6,14.0
e4,nasa,no_projection,B0018,99,1.9277720188227028,2.210067722071303,0.9179351446731024,7.634331703186035,80.3030303030303,0.0,21.428571428571427,0.6,14.0
e4,nasa,direct_proj,B0018,99,2.131259281341632,2.534582129153119,0.8920658734179814,7.981004238128662,85.60606060606061,0.0,,,
e1,nasa,direct,B0005,256,14.246695518493652,16.89495167468211,-2.1679229736328125,14.246695518493652,88.69047619047619,,,,
e2,nasa,coral,B0005,256,29.280977249145508,30.762673844300032,-9.502890586853027,29.280977249145508,99.40476190476191,,,,
e2,nasa,self_train,B0005,256,12.809184074401855,15.182330472273877,-1.558218002319336,12.809184074401855,88.09523809523809,,,,
e2,nasa,dann,B0005,256,9.538198471069336,11.375320597731383,-0.4361109733581543,9.538198471069336,75.59523809523809,,,,
e3,nasa,hipif,B0005,256,2.674468849325715,2.8753849965492,0.9082401581878504,13.524530410766602,82.73809523809523,0.0,9.401709401709402,0.6,14.0
e4,nasa,no_gate,B0005,256,2.6127025042347003,2.8256964820611747,0.9113840957504982,4.6829400062561035,69.04761904761905,0.0,100.0,0.6,14.0
e4,nasa,no_anchor,B0005,256,2.6059635349717176,2.8256352356476193,0.9113879371733367,8.247267723083496,76.19047619047619,0.0,10.683760683760683,0.6,14.0
e4,nasa,no_projection,B0005,256,2.6738831615508474,2.8699070697511777,0.9085894504680657,13.907062530517578,87.5,0.0,8.76068376068376,0.6,14.0
e4,nasa,direct_proj,B0005,256,2.7241168667377895,2.897578733861791,0.906818189864325,14.246695518493652,88.69047619047619,0.0,,,
e1,nasa,direct,B0006,256,13.1857328414917,16.723675895245602,-0.7716759443283081,13.1857328414917,79.76190476190477,,,,
e2,nasa,coral,B0006,256,13.855901718139648,15.638741028205104,-0.5492602586746216,13.855901718139648,98.21428571428571,,,,
e2,nasa,self_train,B0006,256,11.007946014404297,13.699247152985953,-0.18881475925445557,11.007946014404297,80.35714285714286,,,,
e2,nasa,dann,B0006,256,8.282033920288086,10.272677386923078,0.3315204977989197,8.282033920288086,43.452380952380956,,,,
e3,nasa,hipif,B0006,256,2.3925975106624864,2.789314453168699,0.9507148871967507,12.711576461791992,75.59523809523809,0.0,7.6923076923076925,0.6,14.0
e4,nasa,no_gate,B0006,256,2.258367735995195,2.624677433689702,0.9563612125090992,4.392436981201172,68.45238095238095,0.0,100.0,0.6,14.0
e4,nasa,no_anchor,B0006,256,2.41540481452975,2.8274111815795244,0.9493594116335962,8.084394454956055,72.61904761904762,0.0,9.82905982905983,0.6,14.0
e4,nasa,no_projection,B0006,256,2.3108982073874356,2.6726177359624206,0.9547525099917903,13.096494674682617,79.76190476190477,0.0,4.914529914529915,0.6,14.0
e4,nasa,direct_proj,B0006,256,2.3062016556793723,2.665314431951781,0.9549994623799378,13.1857328414917,79.76190476190477,0.0,,,
e1,nasa,direct,B0007,256,17.25638771057129,18.99524267770132,-4.6047821044921875,17.25638771057129,98.21428571428571,,,,
e2,nasa,coral,B0007,256,15.376255989074707,17.261643170659386,-3.6284260749816895,15.376255989074707,94.04761904761905,,,,
e2,nasa,self_train,B0007,256,15.274189949035645,16.980912207373645,-3.4791030883789062,15.274189949035645,94.04761904761905,,,,
e2,nasa,dann,B0007,256,15.959280967712402,16.98247297738861,-3.479926586151123,15.959280967712402,98.80952380952381,,,,
e3,nasa,hipif,B0007,256,2.2046057160396173,2.3692246471843377,0.9128070257700818,16.668039321899414,95.83333333333334,0.0,16.45299145299145,0.6,14.0
e4,nasa,no_gate,B0007,256,2.016553861392078,2.210309676951321,0.9241116241433665,6.387176513671875,76.78571428571429,0.0,100.0,0.6,14.0
e4,nasa,no_anchor,B0007,256,2.240936804672412,2.3951154766449627,0.910890927714406,10.5462064743042,95.23809523809523,0.0,16.88034188034188,0.6,14.0
e4,nasa,no_projection,B0007,256,2.2341062494761936,2.392512000397216,0.9110845444879765,17.187368392944336,97.61904761904762,0.0,11.752136752136751,0.6,14.0
e4,nasa,direct_proj,B0007,256,2.2818561600894554,2.426791860193874,0.9085183335314949,17.25638771057129,98.21428571428571,0.0,,,
e1,nasa,direct,B0018,256,12.653326034545898,14.47907299130369,-2.5223100185394287,12.653326034545898,95.45454545454545,,,,
e2,nasa,coral,B0018,256,13.595248222351074,15.895962069262177,-3.245410442352295,13.595248222351074,82.57575757575758,,,,
e2,nasa,self_train,B0018,256,10.042511940002441,11.4451691810566,-1.200850248336792,10.042511940002441,87.12121212121212,,,,
e2,nasa,dann,B0018,256,6.013053894042969,7.549501455659434,0.042403340339660645,6.013053894042969,56.81818181818182,,,,
e3,nasa,hipif,B0018,256,1.811634089325789,2.1062254227830413,0.925465774029077,12.032845497131348,93.93939393939394,0.0,15.079365079365079,0.6,14.0
e4,nasa,no_gate,B0018,256,2.2954513053806256,2.685463524449811,0.8788329427354008,2.274528980255127,0.0,0.0,100.0,0.6,14.0
e4,nasa,no_anchor,B0018,256,1.7988739527479465,2.0840192542794194,0.9270291342550295,3.9305670261383057,65.15151515151516,0.0,15.079365079365079,0.6,14.0
e4,nasa,no_projection,B0018,256,1.7983368325002165,2.0921035481569894,0.9264619013736484,12.492403984069824,94.6969696969697,0.0,10.515873015873016,0.6,14.0
e4,nasa,direct_proj,B0018,256,2.066930371211698,2.325981794078077,0.9091010918038753,12.653326034545898,95.45454545454545,0.0,,,
e1,nasa,direct,B0005,1234,14.25798225402832,16.175921331046435,-1.9040141105651855,14.25798225402832,92.26190476190477,,,,
e2,nasa,coral,B0005,1234,29.629138946533203,31.297963192514622,-9.871583938598633,29.629138946533203,93.45238095238095,,,,
e2,nasa,self_train,B0005,1234,11.24494457244873,12.947603712445453,-0.8605419397354126,11.24494457244873,90.47619047619048,,,,
e2,nasa,dann,B0005,1234,16.8619384765625,17.944061674137057,-2.5735690593719482,16.8619384765625,97.02380952380952,,,,
e3,nasa,hipif,B0005,1234,2.681779086587644,2.8769359308654665,0.9081411440603903,12.68733024597168,89.88095238095238,0.0,8.547008547008547,0.6,14.0
e4,nasa,no_gate,B0005,1234,2.365581168213674,2.643673836588688,0.9224331066770642,3.6590754985809326,39.88095238095239,0.0,100.0,0.6,14.0
e4,nasa,no_anchor,B0005,1234,2.6530783930739026,2.855510499446449,0.9095042519519178,10.544477462768555,89.28571428571429,0.0,10.256410256410255,0.6,14.0
e4,nasa,no_projection,B0005,1234,2.666645731380972,2.8668587608674367,0.908783533132673,13.374476432800293,90.47619047619048,0.0,8.333333333333332,0.6,14.0
e4,nasa,direct_proj,B0005,1234,2.7353199241432846,2.916114060700428,0.905622239985252,14.25798225402832,92.26190476190477,0.0,,,
e1,nasa,direct,B0006,1234,11.720056533813477,14.727209555579268,-0.3739207983016968,11.720056533813477,80.95238095238095,,,,
e2,nasa,coral,B0006,1234,13.685896873474121,16.289936464863725,-0.6809685230255127,13.685896873474121,100.0,,,,
e2,nasa,self_train,B0006,1234,8.23831558227539,10.316502019978605,0.3258047103881836,8.23831558227539,72.02380952380952,,,,
e2,nasa,dann,B0006,1234,14.744733810424805,16.595481423029263,-0.7446186542510986,14.744733810424805,95.83333333333334,,,,
e3,nasa,hipif,B0006,1234,2.138404434136792,2.4607071941530223,0.9616433492229914,12.026209831237793,88.69047619047619,0.0,4.700854700854701,0.6,14.0
e4,nasa,no_gate,B0006,1234,2.4196486706584954,2.8907172441586098,0.9470663273994976,4.353460311889648,61.30952380952381,0.0,100.0,0.6,14.0
e4,nasa,no_anchor,B0006,1234,2.3351193145433755,2.7205566394834784,0.9531147383032895,6.399022579193115,68.45238095238095,0.0,7.478632478632479,0.6,14.0
e4,nasa,no_projection,B0006,1234,2.133275486837108,2.454648399811765,0.9618320014573831,12.739931106567383,89.88095238095238,0.0,3.632478632478633,0.6,14.0
e4,nasa,direct_proj,B0006,1234,2.1788717130732884,2.48108737710389,0.9610053596706628,11.720056533813477,80.95238095238095,0.0,,,
e1,nasa,direct,B0007,1234,19.360708236694336,20.59469245756962,-5.588395595550537,19.360708236694336,95.83333333333334,,,,
e2,nasa,coral,B0007,1234,15.291175842285156,17.318119610561162,-3.658761978149414,15.291175842285156,97.61904761904762,,,,
e2,nasa,self_train,B0007,1234,14.799796104431152,15.796563965162447,-2.876093864440918,14.799796104431152,94.64285714285714,,,,
e2,nasa,dann,B0007,1234,17.05185317993164,17.75449282240581,-3.896498203277588,17.05185317993164,98.80952380952381,,,,
e3,nasa,hipif,B0007,1234,2.221777625752513,2.3913403635120347,0.9111716087277034,17.792179107666016,94.64285714285714,0.0,10.897435897435898,0.6,14.0
e4,nasa,no_gate,B0007,1234,2.077706485596782,2.2508364833129595,0.9213032314031879,6.9406208992004395,79.76190476190477,0.0,100.0,0.6,14.0
e4,nasa,no_anchor,B0007,1234,2.2056469732522905,2.374264589647896,0.9124356680078207,15.46876335144043,94.04761904761905,0.0,11.538461538461538,0.6,14.0
e4,nasa,no_projection,B0007,1234,2.219720552684824,2.392019874422609,0.9111211195227936,18.941417694091797,95.23809523809523,0.0,9.401709401709402,0.6,14.0
e4,nasa,direct_proj,B0007,1234,2.2704103761358816,2.431472564359683,0.9081651004660665,19.360708236694336,95.83333333333334,0.0,,,
e1,nasa,direct,B0018,1234,11.589117050170898,12.682548872306288,-1.7024593353271484,11.589117050170898,90.15151515151516,,,,
e2,nasa,coral,B0018,1234,15.883651733398438,18.063328707470852,-4.482032775878906,15.883651733398438,92.42424242424242,,,,
e2,nasa,self_train,B0018,1234,7.563281536102295,8.297692899746055,-0.15680670738220215,7.563281536102295,88.63636363636364,,,,
e2,nasa,dann,B0018,1234,16.477439880371094,17.03035404753451,-3.8729662895202637,16.477439880371094,96.96969696969697,,,,
e3,nasa,hipif,B0018,1234,1.9402969737420475,2.20862041902112,0.9180425928060307,10.26707649230957,87.12121212121212,0.0,8.928571428571429,0.6,14.0
e4,nasa,no_gate,B0018,1234,2.178058729671646,2.601574634349944,0.886284772723998,2.1192922592163086,0.0,0.0,100.0,0.6,14.0
e4,nasa,no_anchor,B0018,1234,1.9272033035331462,2.2065158042529784,0.9181987143242278,7.671406269073486,81.81818181818183,0.0,8.73015873015873,0.6,14.0
e4,nasa,no_projection,B0018,1234,1.818970841628246,2.1121069723622425,0.9250489251815217,10.961743354797363,89.39393939393939,0.0,8.531746031746032,0.6,14.0
e4,nasa,direct_proj,B0018,1234,2.11902649082093,2.406090173020819,0.9027320319663865,11.589117050170898,90.15151515151516,0.0,,,
e1,nasa,direct,B0005,2718,19.07712173461914,20.901154175059553,-3.84843111038208,19.07712173461914,92.26190476190477,,,,
e2,nasa,coral,B0005,2718,30.931896209716797,32.45266045948217,-10.688568115234375,30.931896209716797,99.40476190476191,,,,
e2,nasa,self_train,B0005,2718,16.13905906677246,17.92920240356846,-2.567653179168701,16.13905906677246,94.64285714285714,,,,
e2,nasa,dann,B0005,2718,15.291365623474121,17.243946727198757,-2.300152540206909,15.291365623474121,98.80952380952381,,,,
e3,nasa,hipif,B0005,2718,2.679614805411817,2.8775105516079518,0.9081044457976262,16.74056053161621,91.07142857142857,0.0,3.205128205128205,0.6,14.0
e4,nasa,no_gate,B0005,2718,2.8260721726908833,3.047280342499587,0.8969411073304344,5.552093029022217,66.66666666666666,0.0,100.0,0.6,14.0
e4,nasa,no_anchor,B0005,2718,2.68314949104595,2.8825144762084705,0.9077845593956034,12.195841789245605,89.28571428571429,0.0,4.700854700854701,0.6,14.0
e4,nasa,no_projection,B0005,2718,2.7271416840639193,2.9192151652341765,0.9054214035883965,18.188823699951172,92.26190476190477,0.0,2.564102564102564,0.6,14.0
e4,nasa,direct_proj,B0005,2718,2.8244989843487467,3.0154505260807962,0.8990828292190133,19.07712173461914,92.26190476190477,0.0,,,
e1,nasa,direct,B0006,2718,17.713571548461914,19.952573620758724,-1.5218462944030762,17.713571548461914,97.61904761904762,,,,
e2,nasa,coral,B0006,2718,13.561503410339355,16.032502540006426,-0.6282587051391602,13.561503410339355,100.0,,,,
e2,nasa,self_train,B0006,2718,16.11490821838379,19.154461676058908,-1.3241314888000488,16.11490821838379,91.66666666666666,,,,
e2,nasa,dann,B0006,2718,19.843446731567383,22.482326772152472,-2.20186710357666,19.843446731567383,99.40476190476191,,,,
e3,nasa,hipif,B0006,2718,2.164160859538453,2.4774903940985578,0.9611183435066383,14.756280899047852,94.04761904761905,0.0,4.914529914529915,0.6,14.0
e4,nasa,no_gate,B0006,2718,2.2519714559985275,2.6016826687959598,0.9571225007190256,4.109028339385986,64.28571428571429,0.0,100.0,0.6,14.0
e4,nasa,no_anchor,B0006,2718,2.3250281800464165,2.6988524611355675,0.9538598409160451,7.2781500816345215,75.59523809523809,0.0,7.6923076923076925,0.6,14.0
e4,nasa,no_projection,B0006,2718,2.196070569315244,2.4922804676195836,0.9606527279320104,16.710988998413086,96.42857142857143,0.0,3.418803418803419,0.6,14.0
e4,nasa,direct_proj,B0006,2718,2.177511470521625,2.4639303079819515,0.961542801853745,17.713571548461914,97.61904761904762,0.0,,,
e1,nasa,direct,B0007,2718,23.157846450805664,24.43679816367495,-8.275934219360352,23.157846450805664,95.83333333333334,,,,
e2,nasa,coral,B0007,2718,15.140877723693848,16.694388464426357,-3.329224109649658,15.140877723693848,94.04761904761905,,,,
e2,nasa,self_train,B0007,2718,20.068174362182617,21.015778199952752,-5.86056661605835,20.068174362182617,100.0,,,,
e2,nasa,dann,B0007,2718,26.07625389099121,26.922516587682928,-10.259013175964355,26.07625389099121,100.0,,,,
e3,nasa,hipif,B0007,2718,2.202120921297961,2.363346487566886,0.9132391489203289,20.124643325805664,95.23809523809523,0.0,4.914529914529915,0.6,14.0
e4,nasa,no_gate,B0007,2718,2.0492019339236776,2.2365837750562845,0.9222967205974856,6.7302117347717285,75.59523809523809,0.0,100.0,0.6,14.0
e4,nasa,no_anchor,B0007,2718,2.2037324790430013,2.374201998751849,0.9124402847281162,16.655244827270508,94.64285714285714,0.0,5.128205128205128,0.6,14.0
e4,nasa,no_projection,B0007,2718,2.2042329344658746,2.366120321942926,0.9130353688460573,21.74314308166504,95.83333333333334,0.0,3.632478632478633,0.6,14.0
e4,nasa,direct_proj,B0007,2718,2.263633886625732,2.4128002856245465,0.9095701606477188,23.157846450805664,95.83333333333334,0.0,,,
e1,nasa,direct,B0018,2718,17.04498863220215,18.159356749313236,-4.540474891662598,17.04498863220215,90.9090909090909,,,,
e2,nasa,coral,B0018,2718,14.12259578704834,16.61880079292492,-3.6402931213378906,14.12259578704834,81.06060606060606,,,,
e2,nasa,self_train,B0018,2718,15.918441772460938,16.797721635639682,-3.7407474517822266,15.918441772460938,100.0,,,,
e2,nasa,dann,B0018,2718,20.62027931213379,21.37376712567483,-6.675527095794678,20.62027931213379,99.24242424242425,,,,
e3,nasa,hipif,B0018,2718,1.9178719534248918,2.181603509979011,0.9200354142043075,15.010027885437012,90.15151515151516,0.0,3.1746031746031744,0.6,14.0
e4,nasa,no_gate,B0018,2718,2.4575008240939717,2.8567339840253623,0.8628847855833686,2.4328227043151855,0.0,0.0,100.0,0.6,14.0
e4,nasa,no_anchor,B0018,2718,2.101620107885128,2.406742161860395,0.9026793105658385,7.028563499450684,70.45454545454545,0.0,7.738095238095238,0.6,14.0
e4,nasa,no_projection,B0018,2718,1.852035032161073,2.1500343056311237,0.9223329475190978,16.1138916015625,90.9090909090909,0.0,1.7857142857142856,0.6,8.0
e4,nasa,direct_proj,B0018,2718,2.1734962231754613,2.4662394711670492,0.897808086071276,17.04498863220215,90.9090909090909,0.0,,,
e1,calce,direct,CS2_33,42,28.464902877807617,33.27070328781201,-2.234766960144043,28.464902877807617,80.4849884526559,,,,
e2,calce,coral,CS2_33,42,27.579204559326172,33.08862979748481,-2.1994593143463135,27.579204559326172,79.21478060046189,,,,
e2,calce,self_train,CS2_33,42,19.633150100708008,21.5074549325526,-0.35175228118896484,19.633150100708008,72.05542725173211,,,,
e2,calce,dann,CS2_33,42,21.89988136291504,23.98569443642723,-0.6812164783477783,21.89988136291504,72.51732101616628,,,,
e3,calce,hipif,CS2_33,42,3.654093286041594,4.474084307479794,0.9415038399265737,26.614171981811523,80.4849884526559,0.0,18.109743375756313,0.35,14.0
e4,calce,no_gate,CS2_33,42,5.6236575143597705,7.634729257157451,0.8296640517176115,5.77255392074585,18.475750577367204,0.0,100.0,0.35,14.0
e4,calce,no_anchor,CS2_33,42,3.6028710341318844,4.446708075759531,0.9422175077744941,22.982929229736328,80.4849884526559,0.0,17.98456081785938,0.35,14.0
e4,calce,no_projection,CS2_33,42,3.7563747908280174,4.533975156679971,0.9399272790442018,27.826629638671875,80.13856812933025,0.0,18.422699770498642,0.35,14.0
e4,calce,direct_proj,CS2_33,42,3.4388098650939978,4.381511686909104,0.9438994679482896,28.464902877807617,80.4849884526559,0.0,,,
e1,calce,direct,CS2_34,42,31.46162223815918,34.28995516752136,-4.928813457489014,31.46162223815918,94.96774193548387,,,,
e2,calce,coral,CS2_34,42,26.91651725769043,30.51789906081245,-3.6961631774902344,26.91651725769043,94.58064516129032,,,,
e2,calce,self_train,CS2_34,42,18.672016143798828,20.66640168707185,-1.1535930633544922,18.672016143798828,86.96774193548387,,,,
e2,calce,dann,CS2_34,42,21.276330947875977,23.400116018676062,-1.7610223293304443,21.276330947875977,88.12903225806453,,,,
e3,calce,hipif,CS2_34,42,3.4138747486302505,4.030769199540532,0.9180762602499146,28.613422393798828,95.22580645161291,0.0,20.126945126945127,0.35,14.0
e4,calce,no_gate,CS2_34,42,3.802641222953355,4.628603570344113,0.8919726111843957,6.007755756378174,69.16129032258065,0.0,100.0,0.35,14.0
e4,calce,no_anchor,CS2_34,42,3.4167809958862385,4.032419439263621,0.9180091656196858,24.135910034179688,94.83870967741936,0.0,20.27027027027027,0.35,14.0
e4,calce,no_projection,CS2_34,42,3.423947668131712,4.035951712188035,0.9178654599089646,31.099807739257812,94.3225806451613,0.0,20.475020475020475,0.35,14.0
e4,calce,direct_proj,CS2_34,42,3.3987474127705855,4.0176063561174,0.9186104454546324,31.46162223815918,94.96774193548387,0.0,,,
e1,calce,direct,CS2_35,42,23.809097290039062,26.890321985872653,-1.865213394165039,23.809097290039062,80.90128755364807,,,,
e2,calce,coral,CS2_35,42,19.075782775878906,22.641350165232804,-1.0312793254852295,19.075782775878906,63.30472103004292,,,,
e2,calce,self_train,CS2_35,42,20.694135665893555,22.89150355609246,-1.0764124393463135,20.694135665893555,77.25321888412017,,,,
e2,calce,dann,CS2_35,42,17.64858055114746,19.031015078342758,-0.43512213230133057,17.64858055114746,71.99570815450643,,,,
e3,calce,hipif,CS2_35,42,3.34266397481024,3.7586948040760664,0.9440192044005096,20.038827896118164,81.22317596566523,0.0,18.404907975460123,0.35,14.0
e4,calce,no_gate,CS2_35,42,4.265157969697058,5.604800302485021,0.8755241140585066,4.833481311798096,19.84978540772532,0.0,100.0,0.35,14.0
e4,calce,no_anchor,CS2_35,42,3.336733976112916,3.7526421837581716,0.9441993508127053,16.20769500732422,81.22317596566523,0.0,18.341442775544742,0.35,14.0
e4,calce,no_projection,CS2_35,42,3.2589248997605686,3.6481675616063596,0.9472631125505322,23.843008041381836,80.90128755364807,0.0,18.235667442352444,0.35,14.0
e4,calce,direct_proj,CS2_35,42,3.1914620471903272,3.549575038871599,0.9500750472445252,23.809097290039062,80.90128755364807,0.0,,,
e1,calce,direct,CS2_36,42,23.605976104736328,27.141400841674283,-1.3631722927093506,23.605976104736328,76.05344295991779,,,,
e2,calce,coral,CS2_36,42,20.325937271118164,23.839975280748902,-0.8232342004776001,20.325937271118164,64.95375128468653,,,,
e2,calce,self_train,CS2_36,42,14.707772254943848,16.29804627112892,0.14787763357162476,14.707772254943848,61.76772867420349,,,,
e2,calce,dann,CS2_36,42,18.752880096435547,20.431197661679676,-0.3391169309616089,18.752880096435547,73.6896197327852,,,,
e3,calce,hipif,CS2_36,42,3.946516092812655,4.531641457638755,0.934121763775319,22.819133758544922,75.12846865364851,0.0,17.17883055911225,0.35,14.0
e4,calce,no_gate,CS2_36,42,5.963800469360421,7.855857053200825,0.8020215018994732,6.604319095611572,36.99897225077081,0.0,100.0,0.35,14.0
e4,calce,no_anchor,CS2_36,42,3.8778001400530133,4.452175805117158,0.936411952351427,23.019094467163086,75.43679342240493,0.0,17.050789586000853,0.35,14.0
e4,calce,no_projection,CS2_36,42,3.9218172820225417,4.510529789097286,0.9347341510634587,23.32223892211914,75.23124357656732,0.0,17.200170721297482,0.35,14.0
e4,calce,direct_proj,CS2_36,42,3.7995222575532863,4.382898735449908,0.9383754510052785,23.605976104736328,76.05344295991779,0.0,,,
e1,calce,direct,CS2_37,42,23.345417022705078,26.330353902313842,-1.7757861614227295,23.345417022705078,78.88138862102217,,,,
e2,calce,coral,CS2_37,42,19.550479888916016,22.736816610727274,-1.0698168277740479,19.550479888916016,65.47733847637416,,,,
e2,calce,self_train,CS2_37,42,20.261293411254883,22.338991653512544,-0.9980195760726929,20.261293411254883,76.08486017357762,,,,
e2,calce,dann,CS2_37,42,16.69687271118164,17.94499958913085,-0.28931641578674316,16.69687271118164,74.73481195756992,,,,
e3,calce,hipif,CS2_37,42,3.937656101275652,4.329181391257202,0.9249615067145279,19.061656951904297,77.33847637415622,0.0,18.5417568152315,0.35,14.0
e4,calce,no_gate,CS2_37,42,4.750046119115441,6.1386573673547336,0.8491242901129732,5.225985050201416,27.38669238187078,0.0,100.0,0.35,14.0
e4,calce,no_anchor,CS2_37,42,3.416705124175976,3.628894360854463,0.9472744412441327,20.311445236206055,79.55641272902604,0.0,17.373431414971876,0.35,14.0
e4,calce,no_projection,CS2_37,42,3.654434691777053,3.9094205922325393,0.9388076218675471,23.326099395751953,77.82063645130182,0.0,18.17395067070532,0.35,14.0
e4,calce,direct_proj,CS2_37,42,3.574338395455923,3.802078525959389,0.9421218416356999,23.345417022705078,78.88138862102217,0.0,,,
e1,calce,direct,CS2_38,42,23.40740966796875,26.238862499609954,-1.7368824481964111,23.40740966796875,80.66914498141264,,,,
e2,calce,coral,CS2_38,42,19.455032348632812,22.36766912466099,-0.9888753890991211,19.455032348632812,70.53903345724906,,,,
e2,calce,self_train,CS2_38,42,13.16915225982666,14.949327455020239,0.1115981936454773,13.16915225982666,65.05576208178438,,,,
e2,calce,dann,CS2_38,42,17.121530532836914,18.40082090453949,-0.34598588943481445,17.121530532836914,73.69888475836431,,,,
e3,calce,hipif,CS2_38,42,3.8915474927977414,4.211636476415408,0.9294872104067157,19.64523696899414,78.81040892193309,0.0,18.503163866463016,0.35,14.0
e4,calce,no_gate,CS2_38,42,4.7479324297230825,5.973972411066672,0.8581293479445656,5.473135471343994,36.80297397769517,0.0,100.0,0.35,14.0
e4,calce,no_anchor,CS2_38,42,3.7096724428727748,3.963988309181081,0.9375358449722982,20.43090057373047,80.66914498141264,0.0,18.04494872354353,0.35,14.0
e4,calce,no_projection,CS2_38,42,3.738450346001171,3.999588223417617,0.9364088467021917,23.29380226135254,80.85501858736059,0.0,18.088588260964432,0.35,14.0
e4,calce,direct_proj,CS2_38,42,3.656306715537238,3.8963461877241143,0.9396494526961142,23.40740966796875,80.66914498141264,0.0,,,
e1,calce,direct,CS2_33,123,29.06351089477539,33.17544986330724,-2.216271162033081,29.06351089477539,79.67667436489607,,,,
e2,calce,coral,CS2_33,123,26.83727264404297,32.03803662860171,-1.9995136260986328,26.83727264404297,80.36951501154735,,,,
e2,calce,self_train,CS2_33,123,25.67587661743164,28.63391667379842,-1.395965576171875,25.67587661743164,78.40646651270208,,,,
e2,calce,dann,CS2_33,123,26.45838737487793,30.174328696835783,-1.6606900691986084,26.45838737487793,80.4849884526559,,,,
e3,calce,hipif,CS2_33,123,3.789017620768628,4.556168209027392,0.9393377478345054,25.621015548706055,80.13856812933025,0.0,20.070936782808264,0.35,14.0
e4,calce,no_gate,CS2_33,123,5.761098388591483,7.30985358071931,0.8438520139803416,5.716341495513916,11.547344110854503,0.0,100.0,0.35,14.0
e4,calce,no_anchor,CS2_33,123,3.762912918862507,4.538329182848072,0.9398118466571269,22.639446258544922,80.2540415704388,0.0,19.00688504068433,0.35,14.0
e4,calce,no_projection,CS2_33,123,3.54828632068603,4.416311146814942,0.9430047899714484,29.196985244750977,79.33025404157044,0.0,19.278113916127687,0.35,14.0
e4,calce,direct_proj,CS2_33,123,3.6156731846639913,4.4487418191272745,0.9421646409653545,29.06351089477539,79.67667436489607,0.0,,,
e1,calce,direct,CS2_34,123,31.502267837524414,34.35447718331721,-4.951146125793457,31.502267837524414,92.90322580645162,,,,
e2,calce,coral,CS2_34,123,25.690277099609375,29.18736093884164,-3.295597553253174,25.690277099609375,94.70967741935485,,,,
e2,calce,self_train,CS2_34,123,26.991668701171875,29.512806327163933,-3.39192533493042,26.991668701171875,91.61290322580645,,,,
e2,calce,dann,CS2_34,123,27.081836700439453,29.350524835264338,-3.3437585830688477,27.081836700439453,93.6774193548387,,,,
e3,calce,hipif,CS2_34,123,3.4551244587657086,4.074966933976516,0.9162698084556926,24.668909072875977,93.41935483870968,0.0,22.235872235872236,0.35,14.0
e4,calce,no_gate,CS2_34,123,3.794277555186031,4.638787043414414,0.8914967423153868,6.246025562286377,60.38709677419355,0.0,100.0,0.35,14.0
e4,calce,no_anchor,CS2_34,123,3.4459686722565945,4.066906688033271,0.9166007159151421,23.988012313842773,93.93548387096774,0.0,21.334971334971335,0.35,14.0
e4,calce,no_projection,CS2_34,123,3.399080094423555,4.022725660402805,0.9184028973203434,31.830039978027344,93.54838709677419,0.0,21.273546273546273,0.35,14.0
e4,calce,direct_proj,CS2_34,123,3.3957776755423894,4.012707555960177,0.9188088063921843,31.502267837524414,92.90322580645162,0.0,,,
e1,calce,direct,CS2_35,123,24.741512298583984,27.68177450324378,-2.0363569259643555,24.741512298583984,78.64806866952789,,,,
e2,calce,coral,CS2_35,123,19.82206916809082,23.122570343224037,-1.1185426712036133,19.82206916809082,68.6695278969957,,,,
e2,calce,self_train,CS2_35,123,21.762855529785156,23.900840635958158,-1.2635564804077148,21.762855529785156,77.25321888412017,,,,
e2,calce,dann,CS2_35,123,24.80415153503418,27.95680174254335,-2.0969910621643066,24.80415153503418,84.76394849785407,,,,
e3,calce,hipif,CS2_35,123,3.851349123272597,4.6039660048224365,0.9160096955420209,17.535768508911133,75.21459227467811,0.0,19.25111064099852,0.35,14.0
e4,calce,no_gate,CS2_35,123,5.1288343305306405,7.315341785423187,0.7879519988301904,5.467014789581299,13.304721030042918,0.0,100.0,0.35,14.0
e4,calce,no_anchor,CS2_35,123,3.7353354521639806,4.375526530189583,0.9241377739725579,14.121946334838867,79.6137339055794,0.0,19.22995557436006,0.35,14.0
e4,calce,no_projection,CS2_35,123,3.5167379405954966,4.026452386889885,0.9357593280510973,24.13667869567871,77.57510729613733,0.0,18.84916437486778,0.35,14.0
e4,calce,direct_proj,CS2_35,123,3.4162982964763113,3.8764990238194184,0.9404551374558068,24.741512298583984,78.64806866952789,0.0,,,
e1,calce,direct,CS2_36,123,24.663288116455078,27.955490703066165,-1.5070619583129883,24.663288116455078,74.82014388489209,,,,
e2,calce,coral,CS2_36,123,21.187475204467773,24.441748052288784,-0.9164406061172485,21.187475204467773,69.57862281603289,,,,
e2,calce,self_train,CS2_36,123,21.825315475463867,24.155876048205123,-0.8718732595443726,21.825315475463867,73.99794450154162,,,,
e2,calce,dann,CS2_36,123,22.943645477294922,26.40977347979165,-1.2374851703643799,22.943645477294922,76.15621788283659,,,,
e3,calce,hipif,CS2_36,123,4.61592098031082,5.396720780373184,0.9065690471068574,20.299720764160156,73.38129496402878,0.0,18.480580452411438,0.35,14.0
e4,calce,no_gate,CS2_36,123,6.379174346608518,8.568725855254943,0.7644607014313047,7.024410247802734,36.17677286742035,0.0,100.0,0.35,14.0
e4,calce,no_anchor,CS2_36,123,4.170852486908142,4.801474903628875,0.9260428431589526,20.960411071777344,75.33401849948612,0.0,17.41357234314981,0.35,14.0
e4,calce,no_projection,CS2_36,123,4.320711288838417,4.994654227570945,0.9199720417845687,24.39588737487793,74.82014388489209,0.0,18.032437046521554,0.35,14.0
e4,calce,direct_proj,CS2_36,123,4.201307860322778,4.842019290086327,0.9247885587129729,24.663288116455078,74.82014388489209,0.0,,,
e1,calce,direct,CS2_37,123,23.977703094482422,26.83199798230941,-1.8825619220733643,23.977703094482422,77.2420443587271,,,,
e2,calce,coral,CS2_37,123,20.233535766601562,23.213753615768255,-1.157562255859375,20.233535766601562,69.81677917068467,,,,
e2,calce,self_train,CS2_37,123,21.098920822143555,23.13159613485619,-1.142317295074463,21.098920822143555,76.85631629701061,,,,
e2,calce,dann,CS2_37,123,23.154577255249023,26.03628590244296,-1.714130163192749,23.154577255249023,82.16007714561235,,,,
e3,calce,hipif,CS2_37,123,4.196434254662392,4.7189605366949,0.9108409915172246,17.489042282104492,77.43490838958535,0.0,18.736477715274773,0.35,14.0
e4,calce,no_gate,CS2_37,123,5.060168018720028,6.816439158662713,0.8139679959526832,5.19968843460083,13.886210221793634,0.0,100.0,0.35,14.0
e4,calce,no_anchor,CS2_37,123,4.218916714299394,4.7486431575893295,0.9097158300390094,12.84988021850586,78.01350048216008,0.0,18.996105581999135,0.35,14.0
e4,calce,no_projection,CS2_37,123,3.907393947598504,4.294959713334591,0.9261431589813811,23.62398910522461,76.08486017357762,0.0,18.520121159671138,0.35,14.0
e4,calce,direct_proj,CS2_37,123,3.8715442797146946,4.2279376708127065,0.928430218451903,23.977703094482422,77.2420443587271,0.0,,,
e1,calce,direct,CS2_38,123,24.327333450317383,27.069498544761476,-1.9129064083099365,24.327333450317383,79.182156133829,,,,
e2,calce,coral,CS2_38,123,20.07912826538086,22.79653229694431,-1.065873384475708,20.07912826538086,72.58364312267658,,,,
e2,calce,self_train,CS2_38,123,21.368425369262695,23.43175710890964,-1.1826083660125732,21.368425369262695,75.65055762081785,,,,
e2,calce,dann,CS2_38,123,22.738460540771484,25.3454477891556,-1.5536775588989258,22.738460540771484,80.94795539033457,,,,
e3,calce,hipif,CS2_38,123,4.392019075644166,5.020619118893316,0.8997970077137329,16.68760108947754,77.41635687732342,0.0,19.5941523019856,0.35,14.0
e4,calce,no_gate,CS2_38,123,4.234628975861391,5.101568328856521,0.8965397424367945,5.127748966217041,38.10408921933085,0.0,100.0,0.35,14.0
e4,calce,no_anchor,CS2_38,123,4.297986640208671,4.861510380320473,0.9060474494747247,17.14799690246582,78.81040892193309,0.0,19.419594152301986,0.35,14.0
e4,calce,no_projection,CS2_38,123,4.065371880676494,4.473430301831279,0.9204486617390153,23.784622192382812,79.27509293680298,0.0,18.78682085969889,0.35,14.0
e4,calce,direct_proj,CS2_38,123,3.9767935149691453,4.339173563777454,0.9251520028740683,24.327333450317383,79.182156133829,0.0,,,
e1,calce,direct,CS2_33,2024,26.31234359741211,30.07182462423038,-1.642643690109253,26.31234359741211,80.0230946882217,,,,
e2,calce,coral,CS2_33,2024,26.648090362548828,32.11890635603604,-2.0146753787994385,26.648090362548828,81.17782909930716,,,,
e2,calce,self_train,CS2_33,2024,21.646556854248047,24.018377261777335,-0.6858012676239014,21.646556854248047,74.48036951501155,,,,
e2,calce,dann,CS2_33,2024,19.620738983154297,21.00703966131428,-0.28958141803741455,19.620738983154297,71.70900692840647,,,,
e3,calce,hipif,CS2_33,2024,4.079286737909683,4.797119029492586,0.9327518996935018,25.244434356689453,79.79214780600462,0.0,18.819111203838933,0.35,14.0
e4,calce,no_gate,CS2_33,2024,4.925561370214545,6.349648679628088,0.8821801610175725,4.922604084014893,10.046189376443419,0.0,100.0,0.35,14.0
e4,calce,no_anchor,CS2_33,2024,4.539280740508933,5.323768176148399,0.9171757898628112,22.84117889404297,78.63741339491916,0.0,20.30043813895264,0.35,14.0
e4,calce,no_projection,CS2_33,2024,4.192262810200508,4.9142609180057875,0.9294275079253281,26.132192611694336,79.90762124711316,0.0,19.36156895472564,0.35,14.0
e4,calce,direct_proj,CS2_33,2024,4.045199308098983,4.76709146036302,0.9335911438619888,26.31234359741211,80.0230946882217,0.0,,,
e1,calce,direct,CS2_34,2024,28.178630828857422,30.8629724960034,-3.8029651641845703,28.178630828857422,93.80645161290323,,,,
e2,calce,coral,CS2_34,2024,23.118785858154297,26.3016836809571,-2.488197088241577,23.118785858154297,93.80645161290323,,,,
e2,calce,self_train,CS2_34,2024,21.747032165527344,24.09674663190422,-1.9278628826141357,21.747032165527344,89.16129032258064,,,,
e2,calce,dann,CS2_34,2024,18.20598602294922,20.067438486322658,-1.030569314956665,18.20598602294922,83.48387096774194,,,,
e3,calce,hipif,CS2_34,2024,3.4336156384621237,4.049097313623181,0.9173295435366409,29.242338180541992,93.41935483870968,0.0,21.048321048321046,0.35,14.0
e4,calce,no_gate,CS2_34,2024,3.765488718269695,4.635229004893726,0.8916631266350867,6.045378684997559,49.54838709677419,0.0,100.0,0.35,14.0
e4,calce,no_anchor,CS2_34,2024,3.4629843555741577,4.084021601854454,0.9158972943223471,26.002500534057617,93.80645161290323,0.0,21.56019656019656,0.35,14.0
e4,calce,no_projection,CS2_34,2024,3.4671907566466817,4.088481459031115,0.915713509370202,28.697668075561523,93.16129032258064,0.0,21.048321048321046,0.35,14.0
e4,calce,direct_proj,CS2_34,2024,3.4543103312610928,4.077204772975455,0.9161778194206411,28.178630828857422,93.80645161290323,0.0,,,
e1,calce,direct,CS2_35,2024,22.271446228027344,24.940162765106408,-1.4646971225738525,22.271446228027344,80.04291845493562,,,,
e2,calce,coral,CS2_35,2024,18.595090866088867,21.592129636880642,-0.8473787307739258,18.595090866088867,72.74678111587983,,,,
e2,calce,self_train,CS2_35,2024,18.651756286621094,20.23214801330847,-0.6219930648803711,18.651756286621094,75.7510729613734,,,,
e2,calce,dann,CS2_35,2024,16.954139709472656,18.06679855992971,-0.2933835983276367,16.954139709472656,70.81545064377683,,,,
e3,calce,hipif,CS2_35,2024,3.518412890768812,4.029576943401468,0.9356595869032843,23.071327209472656,79.93562231759657,0.0,18.95493970806008,0.35,14.0
e4,calce,no_gate,CS2_35,2024,3.593041204699465,4.60632624396367,0.9159235576264267,3.9654862880706787,14.163090128755366,0.0,100.0,0.35,14.0
e4,calce,no_anchor,CS2_35,2024,3.804805046495496,4.486230757895346,0.9202504655722674,22.11524200439453,78.43347639484979,0.0,19.3145758409139,0.35,14.0
e4,calce,no_projection,CS2_35,2024,3.643684997574295,4.228599570117519,0.929147029648751,22.3566951751709,79.50643776824035,0.0,19.1030251745293,0.35,14.0
e4,calce,direct_proj,CS2_35,2024,3.619564706065348,4.188822528889462,0.9304737412306114,22.271446228027344,80.04291845493562,0.0,,,
e1,calce,direct,CS2_36,2024,22.187721252441406,25.222050976650372,-1.0407586097717285,22.187721252441406,74.51181911613565,,,,
e2,calce,coral,CS2_36,2024,19.77802848815918,23.035367890010463,-0.7022413015365601,19.77802848815918,72.66187050359713,,,,
e2,calce,self_train,CS2_36,2024,19.0843448638916,20.799144962049372,-0.38778388500213623,19.0843448638916,73.6896197327852,,,,
e2,calce,dann,CS2_36,2024,17.503084182739258,18.845724884852448,-0.13934838771820068,17.503084182739258,69.7841726618705,,,,
e3,calce,hipif,CS2_36,2024,4.250250953672339,4.903856960805127,0.9228552335852929,22.956298828125,74.51181911613565,0.0,17.712334613743064,0.35,14.0
e4,calce,no_gate,CS2_36,2024,5.275151510886578,6.704372728694932,0.8558060023943233,5.844239711761475,37.20452209660843,0.0,100.0,0.35,14.0
e4,calce,no_anchor,CS2_36,2024,4.56588267744142,5.324588647135112,0.9090499369848798,22.21003532409668,74.40904419321686,0.0,18.16047801963295,0.35,14.0
e4,calce,no_projection,CS2_36,2024,4.350135807442802,5.03291660485452,0.918741210379848,22.752901077270508,74.82014388489209,0.0,17.75501493811353,0.35,14.0
e4,calce,direct_proj,CS2_36,2024,4.410904528153328,5.11408071145878,0.9160992126582951,22.187721252441406,74.51181911613565,0.0,,,
e1,calce,direct,CS2_37,2024,21.70331382751465,24.314178173524727,-1.36696457862854,21.70331382751465,77.82063645130182,,,,
e2,calce,coral,CS2_37,2024,18.835777282714844,21.50940445434203,-0.8523769378662109,18.835777282714844,73.19189971070395,,,,
e2,calce,self_train,CS2_37,2024,18.18003273010254,19.673516239120488,-0.5496605634689331,18.18003273010254,76.56702025072323,,,,
e2,calce,dann,CS2_37,2024,17.966848373413086,19.27614571695213,-0.48769187927246094,17.966848373413086,76.75988428158148,,,,
e3,calce,hipif,CS2_37,2024,3.872887459405941,4.225673925727997,0.9285068384875494,22.032840728759766,78.30279652844744,0.0,18.065772392903508,0.35,14.0
e4,calce,no_gate,CS2_37,2024,4.510721606701958,5.599581953814468,0.874459530168175,4.830130100250244,23.04725168756027,0.0,100.0,0.35,14.0
e4,calce,no_anchor,CS2_37,2024,4.16487620745538,4.6335649982900495,0.9140386834614417,19.965253829956055,77.53134040501446,0.0,19.27736910428386,0.35,14.0
e4,calce,no_projection,CS2_37,2024,3.9054185447070973,4.284157156765289,0.9265142168729783,22.376605987548828,77.04918032786885,0.0,18.065772392903508,0.35,14.0
e4,calce,direct_proj,CS2_37,2024,4.008207600087819,4.4373434611145095,0.9211650802065727,21.70331382751465,77.82063645130182,0.0,,,
e1,calce,direct,CS2_38,2024,22.07477378845215,24.56546926629812,-1.3989229202270508,22.07477378845215,80.11152416356877,,,,
e2,calce,coral,CS2_38,2024,18.9057674407959,21.330281913600484,-0.808669924736023,18.9057674407959,75.18587360594795,,,,
e2,calce,self_train,CS2_38,2024,18.162805557250977,19.657238181887433,-0.5360704660415649,18.162805557250977,74.44237918215613,,,,
e2,calce,dann,CS2_38,2024,17.127304077148438,18.16543341600762,-0.311769962310791,17.127304077148438,73.69888475836431,,,,
e3,calce,hipif,CS2_38,2024,3.8795521745153136,4.193334261382542,0.9300987238360168,22.054454803466797,79.36802973977694,0.0,18.503163866463016,0.35,14.0
e4,calce,no_gate,CS2_38,2024,4.309767801128085,5.194281036861712,0.8927451286007932,5.284872055053711,40.70631970260223,0.0,100.0,0.35,14.0
e4,calce,no_anchor,CS2_38,2024,4.3018095373242815,4.859232664687002,0.9061354661795752,20.847497940063477,78.62453531598513,0.0,19.659611608116954,0.35,14.0
e4,calce,no_projection,CS2_38,2024,4.043385478263127,4.441802013527132,0.9215695814163036,22.758325576782227,79.83271375464685,0.0,18.852280165830244,0.35,14.0
e4,calce,direct_proj,CS2_38,2024,4.0931508477170535,4.517463052194386,0.9188748789230458,22.07477378845215,80.11152416356877,0.0,,,
e1,calce,direct,CS2_33,7,25.87067413330078,29.7404626256469,-1.5847258567810059,25.87067413330078,78.86836027713626,,,,
e2,calce,coral,CS2_33,7,25.383113861083984,30.540756260589717,-1.7257037162780762,25.383113861083984,80.13856812933025,,,,
e2,calce,self_train,CS2_33,7,25.325529098510742,28.343035065404518,-1.3475334644317627,25.325529098510742,77.94457274826789,,,,
e2,calce,dann,CS2_33,7,23.236459732055664,26.060229451830068,-0.9846115112304688,23.236459732055664,78.52193995381063,,,,
e3,calce,hipif,CS2_33,7,4.071611522464921,4.79119743509777,0.9329178201933761,25.512001037597656,79.79214780600462,0.0,18.798247444189442,0.35,14.0
e4,calce,no_gate,CS2_33,7,6.158143401386201,8.212991899050254,0.8028840260864354,6.220422267913818,16.166281755196305,0.0,100.0,0.35,14.0
e4,calce,no_anchor,CS2_33,7,3.9426771075370626,4.675103521592441,0.9361293265818613,22.208332061767578,79.90762124711316,0.0,18.401836010849156,0.35,14.0
e4,calce,no_projection,CS2_33,7,4.129502855454939,4.849100675239383,0.9312866008537692,26.68698501586914,78.75288683602771,0.0,18.547882328395577,0.35,14.0
e4,calce,direct_proj,CS2_33,7,4.148836835219646,4.868910962503647,0.9307240170576312,25.87067413330078,78.86836027713626,0.0,,,
e1,calce,direct,CS2_34,7,27.856969833374023,30.613082622250225,-3.7255029678344727,27.856969833374023,91.87096774193549,,,,
e2,calce,coral,CS2_34,7,23.885786056518555,27.34006559998931,-2.769059896469116,23.885786056518555,93.93548387096774,,,,
e2,calce,self_train,CS2_34,7,26.238140106201172,28.80693347970079,-3.18435001373291,26.238140106201172,90.96774193548387,,,,
e2,calce,dann,CS2_34,7,25.908103942871094,28.08344695146558,-2.97680926322937,25.908103942871094,93.54838709677419,,,,
e3,calce,hipif,CS2_34,7,3.4510761219839865,4.073800686979212,0.9163177284081386,27.583209991455078,93.6774193548387,0.0,20.823095823095823,0.35,14.0
e4,calce,no_gate,CS2_34,7,3.945051039008535,4.937893768540855,0.8770531541344349,6.23424768447876,65.29032258064517,0.0,100.0,0.35,14.0
e4,calce,no_anchor,CS2_34,7,3.4366625961730635,4.052625830835404,0.9171853972214115,22.751487731933594,94.19354838709677,0.0,20.67977067977068,0.35,14.0
e4,calce,no_projection,CS2_34,7,3.4026204870501435,4.030534157205468,0.9180858142505134,28.10977554321289,93.41935483870968,0.0,20.823095823095823,0.35,14.0
e4,calce,direct_proj,CS2_34,7,3.459274531683138,4.080056053086035,0.9160605409915132,27.856969833374023,91.87096774193549,0.0,,,
e1,calce,direct,CS2_35,7,22.60569953918457,25.457300676129112,-1.5679683685302734,22.60569953918457,80.04291845493562,,,,
e2,calce,coral,CS2_35,7,19.700868606567383,23.14369757201056,-1.1224160194396973,19.700868606567383,69.31330472103005,,,,
e2,calce,self_train,CS2_35,7,20.725263595581055,22.756617663021398,-1.0520145893096924,20.725263595581055,77.36051502145924,,,,
e2,calce,dann,CS2_35,7,20.168107986450195,22.314599373836934,-0.9730731248855591,20.168107986450195,77.6824034334764,,,,
e3,calce,hipif,CS2_35,7,3.561666602875877,4.107624257444109,0.9331430809895014,21.15517234802246,79.18454935622317,0.0,19.08187010789084,0.35,14.0
e4,calce,no_gate,CS2_35,7,4.6136293626060665,6.18936320975885,0.8482052059134086,5.198277950286865,22.42489270386266,0.0,100.0,0.35,14.0
e4,calce,no_anchor,CS2_35,7,3.373899445990626,3.805367465514764,0.9426203175070189,14.594950675964355,81.22317596566523,0.0,18.595303575206263,0.35,14.0
e4,calce,no_projection,CS2_35,7,3.5616560032580087,4.095783738897864,0.9335279650921701,22.52509880065918,80.5793991416309,0.0,18.7856991749524,0.35,14.0
e4,calce,direct_proj,CS2_35,7,3.527461337802201,4.042744193808448,0.9352384158984836,22.60569953918457,80.04291845493562,0.0,,,
e1,calce,direct,CS2_36,7,22.462583541870117,25.757704683956945,-1.1283602714538574,22.462583541870117,74.82014388489209,,,,
e2,calce,coral,CS2_36,7,20.876726150512695,24.191089294811245,-0.877334713935852,20.876726150512695,69.27029804727647,,,,
e2,calce,self_train,CS2_36,7,21.11542320251465,23.410634341960254,-0.7581552267074585,21.11542320251465,74.40904419321686,,,,
e2,calce,dann,CS2_36,7,19.76863670349121,21.937064576786334,-0.5437887907028198,19.76863670349121,73.99794450154162,,,,
e3,calce,hipif,CS2_36,7,4.20803795780591,4.847724016222578,0.9246112304527858,22.268781661987305,75.0256937307297,0.0,17.43491250533504,0.35,14.0
e4,calce,no_gate,CS2_36,7,5.713130901779151,7.655733614141503,0.8119798011721704,6.487627983093262,40.184994861253855,0.0,100.0,0.35,14.0
e4,calce,no_anchor,CS2_36,7,3.934180598857017,4.514962133457079,0.934605818976489,21.689151763916016,75.23124357656732,0.0,17.11481007255655,0.35,14.0
e4,calce,no_projection,CS2_36,7,4.287024562365123,4.950751653577312,0.9213727361316498,22.675779342651367,74.82014388489209,0.0,17.562953478446435,0.35,14.0
e4,calce,direct_proj,CS2_36,7,4.27144991422571,4.930820800432235,0.9220045407979542,22.462583541870117,74.82014388489209,0.0,,,
e1,calce,direct,CS2_37,7,22.001548767089844,24.82334313217727,-1.4671361446380615,22.001548767089844,77.62777242044359,,,,
e2,calce,coral,CS2_37,7,20.064176559448242,23.176020574885154,-1.1505539417266846,20.064176559448242,69.81677917068467,,,,
e2,calce,self_train,CS2_37,7,20.181846618652344,22.138354048363738,-0.9622902870178223,20.181846618652344,76.95274831243974,,,,
e2,calce,dann,CS2_37,7,18.687997817993164,20.46892667504859,-0.6775007247924805,18.687997817993164,76.56702025072323,,,,
e3,calce,hipif,CS2_37,7,3.943910329952233,4.335583793208839,0.9247393945863913,20.440444946289062,78.20636451301833,0.0,18.39030722630896,0.35,14.0
e4,calce,no_gate,CS2_37,7,5.004759976665921,6.8345433684063694,0.8129784954426715,5.104946613311768,10.414657666345226,0.0,100.0,0.35,14.0
e4,calce,no_anchor,CS2_37,7,3.533063261978598,3.7550921658742227,0.943543527264797,14.756338119506836,79.55641272902604,0.0,17.568152315015144,0.35,14.0
e4,calce,no_projection,CS2_37,7,3.9522699000209447,4.34861992982906,0.9242861303584209,21.933439254760742,78.01350048216008,0.0,18.303764604067503,0.35,14.0
e4,calce,direct_proj,CS2_37,7,3.911509341857767,4.285457583875591,0.9264695978709944,22.001548767089844,77.62777242044359,0.0,,,
e1,calce,direct,CS2_38,7,22.328794479370117,25.031009820554956,-1.490708351135254,22.328794479370117,80.11152416356877,,,,
e2,calce,coral,CS2_38,7,20.412418365478516,23.128504801975417,-1.1264798641204834,20.412418365478516,79.27509293680298,,,,
e2,calce,self_train,CS2_38,7,20.308029174804688,22.165497866149924,-0.9530849456787109,20.308029174804688,75.65055762081785,,,,
e2,calce,dann,CS2_38,7,18.39999008178711,20.026466405470863,-0.5943174362182617,18.39999008178711,74.34944237918215,,,,
e3,calce,hipif,CS2_38,7,4.02498489051195,4.408795545834767,0.9227308636514419,20.821250915527344,80.29739776951673,0.0,18.874099934540695,0.35,14.0
e4,calce,no_gate,CS2_38,7,4.730925090862326,5.967476149658766,0.858437728257109,5.489572525024414,35.03717472118959,0.0,100.0,0.35,14.0
e4,calce,no_anchor,CS2_38,7,3.905402144660636,4.231498818871139,0.9288205566148894,15.595917701721191,80.66914498141264,0.0,18.481344097752565,0.35,14.0
e4,calce,no_projection,CS2_38,7,4.039861336426633,4.433521131557484,0.9218617455553735,22.322214126586914,80.48327137546468,0.0,18.69954178485708,0.35,14.0
e4,calce,direct_proj,CS2_38,7,4.001209029112385,4.374298736286516,0.9239353242993418,22.328794479370117,80.11152416356877,0.0,,,
e1,calce,direct,CS2_33,99,25.072391510009766,27.893409568628954,-1.2736430168151855,25.072391510009766,76.55889145496536,,,,
e2,calce,coral,CS2_33,99,24.9986629486084,29.940640533669388,-1.6196377277374268,24.9986629486084,80.0230946882217,,,,
e2,calce,self_train,CS2_33,99,23.410871505737305,26.404793783811776,-1.0374388694763184,23.410871505737305,78.52193995381063,,,,
e2,calce,dann,CS2_33,99,26.98550796508789,30.837610006580743,-1.7789483070373535,26.98550796508789,80.71593533487298,,,,
e3,calce,hipif,CS2_33,99,5.1971465843707465,6.301769796786926,0.8839502791912764,22.70039176940918,74.94226327944573,0.0,23.388274567076987,0.35,14.0
e4,calce,no_gate,CS2_33,99,6.713833878202677,9.419033486599933,0.7407422706609803,6.9241414070129395,20.438799076212472,0.0,100.0,0.35,14.0
e4,calce,no_anchor,CS2_33,99,5.213650587858619,6.331955098142806,0.8828358667217232,22.262683868408203,74.5958429561201,0.0,22.574587940746923,0.35,14.0
e4,calce,no_projection,CS2_33,99,4.950122394633858,5.934474686378912,0.8970838349970888,25.077972412109375,75.98152424942263,0.0,22.38681410390152,0.35,14.0
e4,calce,direct_proj,CS2_33,99,4.992800935766049,5.992983585288241,0.8950444986385482,25.072391510009766,76.55889145496536,0.0,,,
e1,calce,direct,CS2_34,99,24.558956146240234,27.40801599569572,-2.787818193435669,24.558956146240234,89.6774193548387,,,,
e2,calce,coral,CS2_34,99,22.77395248413086,25.967653547475535,-2.4001598358154297,22.77395248413086,93.93548387096774,,,,
e2,calce,self_train,CS2_34,99,24.127696990966797,26.650740381659663,-2.58139705657959,24.127696990966797,91.87096774193549,,,,
e2,calce,dann,CS2_34,99,28.605060577392578,30.700775196340725,-3.7526144981384277,28.605060577392578,94.70967741935485,,,,
e3,calce,hipif,CS2_34,99,3.765862677764309,4.57682854276886,0.8943758582742546,22.137235641479492,86.06451612903226,0.0,26.33087633087633,0.35,14.0
e4,calce,no_gate,CS2_34,99,4.197176467277516,5.591871884631923,0.84233026702949,5.698520660400391,47.225806451612904,0.0,100.0,0.35,14.0
e4,calce,no_anchor,CS2_34,99,3.7873031845165093,4.5725431571351205,0.8945735621064178,17.604434967041016,89.41935483870968,0.0,26.085176085176087,0.35,14.0
e4,calce,no_projection,CS2_34,99,3.77238753476572,4.5435503254206235,0.8959062649103628,23.73505973815918,89.03225806451613,0.0,25.675675675675674,0.35,14.0
e4,calce,direct_proj,CS2_34,99,3.6765983910487923,4.390990244800352,0.9027792759487913,24.558956146240234,89.6774193548387,0.0,,,
e1,calce,direct,CS2_35,99,19.737476348876953,21.655200134634953,-0.8581868410110474,19.737476348876953,72.96137339055794,,,,
e2,calce,coral,CS2_35,99,18.604692459106445,22.073217452626555,-0.9306175708770752,18.604692459106445,63.30472103004292,,,,
e2,calce,self_train,CS2_35,99,19.94586944580078,22.050617595163292,-0.926666259765625,19.94586944580078,78.00429184549357,,,,
e2,calce,dann,CS2_35,99,23.081863403320312,25.91387525369493,-1.6609070301055908,23.081863403320312,82.93991416309014,,,,
e3,calce,hipif,CS2_35,99,4.6958913558112885,6.126124459176575,0.8512912337119278,18.74283218383789,72.96137339055794,0.0,22.530145969959804,0.35,14.0
e4,calce,no_gate,CS2_35,99,5.250492524905959,7.569868461723476,0.7729394919727741,5.594664573669434,12.339055793991417,0.0,100.0,0.35,14.0
e4,calce,no_anchor,CS2_35,99,4.25307927309386,5.390358314086284,0.88486689709655,9.120495796203613,66.41630901287554,0.0,22.805161836259785,0.35,14.0
e4,calce,no_projection,CS2_35,99,4.77159086954459,6.377056369360506,0.838859223905022,19.61757469177246,69.31330472103005,0.0,23.059022635921302,0.35,14.0
e4,calce,direct_proj,CS2_35,99,4.634288007016831,6.053020832251806,0.85481916952444,19.737476348876953,72.96137339055794,0.0,,,
e1,calce,direct,CS2_36,99,20.191638946533203,22.29360153024749,-0.5943781137466431,20.191638946533203,71.73689619732785,,,,
e2,calce,coral,CS2_36,99,19.685178756713867,23.196938621847956,-0.7262042760848999,19.685178756713867,62.79547790339157,,,,
e2,calce,self_train,CS2_36,99,20.26800537109375,22.515669050312564,-0.6262996196746826,20.26800537109375,74.61459403905447,,,,
e2,calce,dann,CS2_36,99,20.89291763305664,23.645252407740994,-0.7935718297958374,20.89291763305664,75.33401849948612,,,,
e3,calce,hipif,CS2_36,99,5.704922445012119,7.092044835667737,0.8386481958997221,19.357196807861328,73.27852004110997,0.0,21.98036705078959,0.35,14.0
e4,calce,no_gate,CS2_36,99,6.8436607317414415,9.660179133202936,0.7006348508072462,7.559485912322998,38.335046248715315,0.0,100.0,0.35,14.0
e4,calce,no_anchor,CS2_36,99,5.743060832318495,7.1601322508310705,0.8355351972114102,15.876290321350098,73.17574511819116,0.0,21.74562526675203,0.35,14.0
e4,calce,no_projection,CS2_36,99,6.004945122767231,7.5991268823390925,0.8147499761532532,19.964853286743164,72.66187050359713,0.0,22.535211267605636,0.35,14.0
e4,calce,direct_proj,CS2_36,99,5.80595669628591,7.278466082766507,0.8300541335817947,20.191638946533203,71.73689619732785,0.0,,,
e1,calce,direct,CS2_37,99,19.244516372680664,21.039089334600412,-0.7722561359405518,19.244516372680664,74.54194792671167,,,,
e2,calce,coral,CS2_37,99,19.009315490722656,22.09181820033119,-0.9540493488311768,19.009315490722656,64.99517839922855,,,,
e2,calce,self_train,CS2_37,99,19.55451774597168,21.54087457239724,-0.8578013181686401,19.55451774597168,77.33847637415622,,,,
e2,calce,dann,CS2_37,99,23.59185218811035,26.722508644618657,-1.8590848445892334,23.59185218811035,83.12439729990356,,,,
e3,calce,hipif,CS2_37,99,5.061685318986901,6.139388625042076,0.8490883423193534,17.795578002929688,75.21697203471552,0.0,22.090004327131112,0.35,14.0
e4,calce,no_gate,CS2_37,99,6.179966522223998,9.15810750146556,0.6641974316508437,6.217985153198242,5.303760848601736,0.0,100.0,0.35,14.0
e4,calce,no_anchor,CS2_37,99,5.353323690976282,6.660277067985113,0.8223942051576717,12.737649917602539,76.47058823529412,0.0,22.544353093898746,0.35,14.0
e4,calce,no_projection,CS2_37,99,5.40437600274701,6.782252780814582,0.8158293233209727,19.046674728393555,73.09546769527483,0.0,23.647771527477282,0.35,14.0
e4,calce,direct_proj,CS2_37,99,5.19369462532218,6.429201434424094,0.8345043415873704,19.244516372680664,74.54194792671167,0.0,,,
e1,calce,direct,CS2_38,99,19.32124137878418,21.089816618222038,-0.7681200504302979,19.32124137878418,71.84014869888475,,,,
e2,calce,coral,CS2_38,99,18.810909271240234,21.74457912196523,-0.8796117305755615,18.810909271240234,63.56877323420075,,,,
e2,calce,self_train,CS2_38,99,19.629722595214844,21.571449258121326,-0.8497999906539917,19.629722595214844,77.60223048327137,,,,
e2,calce,dann,CS2_38,99,19.149185180664062,20.849517070199656,-0.7280572652816772,19.149185180664062,78.25278810408922,,,,
e3,calce,hipif,CS2_38,99,5.199223920974357,6.491351840395913,0.832491658825522,17.77027130126953,72.58364312267658,0.0,22.190704778529348,0.35,14.0
e4,calce,no_gate,CS2_38,99,6.456999751304834,8.842045812494614,0.6892066905225165,7.453426361083984,40.89219330855018,0.0,100.0,0.35,14.0
e4,calce,no_anchor,CS2_38,99,5.201433026807061,6.478919662119227,0.8331326653292703,18.808155059814453,73.42007434944237,0.0,21.754309404320317,0.35,14.0
e4,calce,no_projection,CS2_38,99,5.4215576779673444,6.891053649602896,0.8112280762242188,19.049198150634766,71.56133828996283,0.0,22.998036220816058,0.35,14.0
e4,calce,direct_proj,CS2_38,99,5.156267218972626,6.464019473182145,0.8338993041795693,19.32124137878418,71.84014869888475,0.0,,,
e1,calce,direct,CS2_33,256,25.776424407958984,29.148014520517194,-1.4827728271484375,25.776424407958984,79.67667436489607,,,,
e2,calce,coral,CS2_33,256,25.91742706298828,30.859951537335874,-1.7829763889312744,25.91742706298828,81.06235565819861,,,,
e2,calce,self_train,CS2_33,256,22.970592498779297,25.88775703600968,-0.958429217338562,22.970592498779297,78.40646651270208,,,,
e2,calce,dann,CS2_33,256,24.1163272857666,27.203997778216117,-1.1626415252685547,24.1163272857666,79.44572748267899,,,,
e3,calce,hipif,CS2_33,256,3.879918185855187,4.624091537249467,0.9375155607731039,25.745262145996094,79.67667436489607,0.0,19.424160233674108,0.35,14.0
e4,calce,no_gate,CS2_33,256,6.0614469975599174,7.649647786381196,0.8289977164760143,6.046276092529297,10.854503464203233,0.0,100.0,0.35,14.0
e4,calce,no_anchor,CS2_33,256,4.100543592025263,4.818339971721348,0.9321556149265889,24.62394905090332,79.44572748267899,0.0,19.528479031921552,0.35,14.0
e4,calce,no_projection,CS2_33,256,4.097259051788437,4.816914425017713,0.9321957536602785,26.666852951049805,79.44572748267899,0.0,19.424160233674108,0.35,14.0
e4,calce,direct_proj,CS2_33,256,4.165047005096538,4.885643035613028,0.9302470633799047,25.776424407958984,79.67667436489607,0.0,,,
e1,calce,direct,CS2_34,256,27.59370994567871,30.014203587504824,-3.5424232482910156,27.59370994567871,93.80645161290323,,,,
e2,calce,coral,CS2_34,256,27.4815673828125,30.485834553091006,-3.686300277709961,27.4815673828125,96.90322580645162,,,,
e2,calce,self_train,CS2_34,256,23.53499984741211,26.04625636637874,-2.4207754135131836,23.53499984741211,91.87096774193549,,,,
e2,calce,dann,CS2_34,256,25.463214874267578,27.684393783857494,-2.8645946979522705,25.463214874267578,92.7741935483871,,,,
e3,calce,hipif,CS2_34,256,3.4627159608115248,4.081114818227203,0.9160169711468483,26.18553924560547,91.61290322580645,0.0,21.62162162162162,0.35,14.0
e4,calce,no_gate,CS2_34,256,3.862088822701888,4.762777710922784,0.8856188307687812,6.7697296142578125,72.0,0.0,100.0,0.35,14.0
e4,calce,no_anchor,CS2_34,256,3.4670918575444305,4.087539711186139,0.9157523342883693,28.525070190429688,93.6774193548387,0.0,21.805896805896808,0.35,14.0
e4,calce,no_projection,CS2_34,256,3.4708443756959384,4.09183930201657,0.9155750046340401,27.893077850341797,93.6774193548387,0.0,21.58067158067158,0.35,14.0
e4,calce,direct_proj,CS2_34,256,3.4715673360059913,4.0924678845327005,0.9155490641470292,27.59370994567871,93.80645161290323,0.0,,,
e1,calce,direct,CS2_35,256,22.480289459228516,24.906176482011947,-1.457984209060669,22.480289459228516,78.86266094420601,,,,
e2,calce,coral,CS2_35,256,18.40380859375,21.720237274840958,-0.8693649768829346,18.40380859375,65.02145922746782,,,,
e2,calce,self_train,CS2_35,256,20.127017974853516,22.35715083823329,-0.9806051254272461,20.127017974853516,78.11158798283262,,,,
e2,calce,dann,CS2_35,256,21.075061798095703,23.23530622923671,-1.1392512321472168,21.075061798095703,77.78969957081546,,,,
e3,calce,hipif,CS2_35,256,3.789130675673956,4.474643754499389,0.9206618865850595,20.27510643005371,77.78969957081546,0.0,19.356885974190817,0.35,14.0
e4,calce,no_gate,CS2_35,256,4.139603785897097,5.739520709686261,0.8694682400197312,4.4381890296936035,12.017167381974248,0.0,100.0,0.35,14.0
e4,calce,no_anchor,CS2_35,256,3.8768857726005805,4.61540286862111,0.9155918910739762,21.639678955078125,78.43347639484979,0.0,19.420351174106198,0.35,14.0
e4,calce,no_projection,CS2_35,256,3.744068024704889,4.400294077655381,0.9232765111909951,22.361099243164062,76.82403433476395,0.0,19.03955997461392,0.35,14.0
e4,calce,direct_proj,CS2_35,256,3.733416182841142,4.37233852406228,0.9242482800495425,22.480289459228516,78.86266094420601,0.0,,,
e1,calce,direct,CS2_36,256,22.455930709838867,25.21502015091278,-1.0396208763122559,22.455930709838867,74.51181911613565,,,,
e2,calce,coral,CS2_36,256,19.760997772216797,22.907968578947862,-0.683464765548706,19.760997772216797,67.93422404933196,,,,
e2,calce,self_train,CS2_36,256,20.403474807739258,22.82959280445421,-0.6719650030136108,20.403474807739258,74.51181911613565,,,,
e2,calce,dann,CS2_36,256,21.796920776367188,24.70234052557381,-0.9575238227844238,21.796920776367188,75.43679342240493,,,,
e3,calce,hipif,CS2_36,256,4.744704949336663,5.599062435939446,0.899431609106223,20.98526954650879,73.17574511819116,0.0,18.544600938967136,0.35,14.0
e4,calce,no_gate,CS2_36,256,5.424781571268948,7.236141888090796,0.8320248534465522,6.1933112144470215,39.97944501541624,0.0,100.0,0.35,14.0
e4,calce,no_anchor,CS2_36,256,4.679413227556642,5.486040359966274,0.9034507560578168,21.823745727539062,74.40904419321686,0.0,18.373879641485274,0.35,14.0
e4,calce,no_projection,CS2_36,256,4.497310643855659,5.23257425139382,0.9121661983966459,22.7548770904541,74.71736896197328,0.0,18.26717883055911,0.35,14.0
e4,calce,direct_proj,CS2_36,256,4.574885161478562,5.341468691347396,0.9084723620012896,22.455930709838867,74.51181911613565,0.0,,,
e1,calce,direct,CS2_37,256,21.869800567626953,24.250513444951014,-1.3545854091644287,21.869800567626953,77.72420443587271,,,,
e2,calce,coral,CS2_37,256,18.96269989013672,21.96567006993171,-0.9317971467971802,18.96269989013672,66.34522661523626,,,,
e2,calce,self_train,CS2_37,256,19.012453079223633,21.020573302199086,-0.7691380977630615,19.012453079223633,76.27772420443587,,,,
e2,calce,dann,CS2_37,256,20.696102142333984,22.93233055465512,-1.1055665016174316,20.696102142333984,77.91706846673095,,,,
e3,calce,hipif,CS2_37,256,4.277212040008649,4.879142618165077,0.9046853703396108,19.144916534423828,75.60270009643202,0.0,19.407183037646043,0.35,14.0
e4,calce,no_gate,CS2_37,256,4.99110469757141,6.584646614602355,0.8264048915387138,5.145153522491455,13.69334619093539,0.0,100.0,0.35,14.0
e4,calce,no_anchor,CS2_37,256,4.326123199794422,4.90851574364259,0.9035343009586513,19.58193016052246,77.53134040501446,0.0,19.234097793163134,0.35,14.0
e4,calce,no_projection,CS2_37,256,4.1019405394616575,4.597917634406934,0.9153562465376719,21.943248748779297,76.08486017357762,0.0,19.082648204240588,0.35,14.0
e4,calce,direct_proj,CS2_37,256,4.137310938952653,4.631841518136093,0.914102619143804,21.869800567626953,77.72420443587271,0.0,,,
e1,calce,direct,CS2_38,256,22.278697967529297,24.561865101924898,-1.3982188701629639,22.278697967529297,79.46096654275094,,,,
e2,calce,coral,CS2_38,256,19.245952606201172,21.796228149004072,-0.8885514736175537,19.245952606201172,76.2081784386617,,,,
e2,calce,self_train,CS2_38,256,19.802553176879883,21.88221979070565,-0.9034825563430786,19.802553176879883,78.81040892193309,,,,
e2,calce,dann,CS2_38,256,21.73067855834961,24.033562398904397,-1.296161413192749,21.73067855834961,80.48327137546468,,,,
e3,calce,hipif,CS2_38,256,4.265197084620163,4.820174681031897,0.907638347636114,19.82355499267578,77.04460966542752,0.0,19.572332533275148,0.35,14.0
e4,calce,no_gate,CS2_38,256,5.322175178282222,6.884030330079291,0.8116126705050692,6.433241367340088,38.940520446096656,0.0,100.0,0.35,14.0
e4,calce,no_anchor,CS2_38,256,4.363393549428066,4.969306259092609,0.9018347750822734,21.04243278503418,78.81040892193309,0.0,19.61597207069605,0.35,14.0
e4,calce,no_projection,CS2_38,256,4.136002162569904,4.592830805721893,0.9161453726564388,22.63486671447754,79.36802973977694,0.0,19.33231507746018,0.35,14.0
e4,calce,direct_proj,CS2_38,256,4.2065709486498255,4.703883789994811,0.9120411976455811,22.278697967529297,79.46096654275094,0.0,,,
e1,calce,direct,CS2_33,1234,26.758502960205078,30.378404716912495,-1.6968016624450684,26.758502960205078,79.90762124711316,,,,
e2,calce,coral,CS2_33,1234,26.470661163330078,30.93080143706371,-1.7957696914672852,26.470661163330078,81.40877598152426,,,,
e2,calce,self_train,CS2_33,1234,25.049951553344727,28.077129399432913,-1.30369234085083,25.049951553344727,79.33025404157044,,,,
e2,calce,dann,CS2_33,1234,20.7867431640625,22.579008957609556,-0.48980283737182617,20.7867431640625,72.17090069284065,,,,
e3,calce,hipif,CS2_33,1234,3.9942325808580734,4.7199228559777815,0.9348988242600775,26.627056121826172,79.33025404157044,0.0,18.902566242436887,0.35,14.0
e4,calce,no_gate,CS2_33,1234,6.020773978529028,7.511061277761208,0.8351375910396979,6.029736042022705,10.392609699769054,0.0,100.0,0.35,14.0
e4,calce,no_anchor,CS2_33,1234,4.149533679958493,4.868804625404062,0.9307270430019174,21.172468185424805,79.79214780600462,0.0,19.00688504068433,0.35,14.0
e4,calce,no_projection,CS2_33,1234,4.005111179810443,4.7297219030453705,0.934628230138755,27.078371047973633,79.67667436489607,0.0,18.589609847694554,0.35,14.0
e4,calce,direct_proj,CS2_33,1234,3.994829914299751,4.72048786285725,0.9348832372198477,26.758502960205078,79.90762124711316,0.0,,,
e1,calce,direct,CS2_34,1234,28.485584259033203,30.957319842897718,-3.8323750495910645,28.485584259033203,93.54838709677419,,,,
e2,calce,coral,CS2_34,1234,26.611122131347656,29.21483931048569,-3.303689479827881,26.611122131347656,94.70967741935485,,,,
e2,calce,self_train,CS2_34,1234,25.61051368713379,28.02855098663069,-2.9612770080566406,25.61051368713379,92.51612903225806,,,,
e2,calce,dann,CS2_34,1234,26.58474349975586,28.853089842459354,-3.1977696418762207,26.58474349975586,93.41935483870968,,,,
e3,calce,hipif,CS2_34,1234,3.453415280061393,4.073992660982048,0.9163098413265663,27.804834365844727,93.41935483870968,0.0,21.17117117117117,0.35,14.0
e4,calce,no_gate,CS2_34,1234,3.986571944444512,4.974951457593971,0.8752008573836504,6.9011616706848145,72.51612903225806,0.0,100.0,0.35,14.0
e4,calce,no_anchor,CS2_34,1234,3.4361272011265305,4.054906706281462,0.9170921525169307,22.698558807373047,94.06451612903226,0.0,20.65929565929566,0.35,14.0
e4,calce,no_projection,CS2_34,1234,3.424443832715874,4.040297832925738,0.9176884712562408,30.082162857055664,93.80645161290323,0.0,20.96642096642097,0.35,14.0
e4,calce,direct_proj,CS2_34,1234,3.4269250234834123,4.046734680676483,0.9174259911864804,28.485584259033203,93.54838709677419,0.0,,,
e1,calce,direct,CS2_35,1234,22.908611297607422,25.602218102682894,-1.5972883701324463,22.908611297607422,80.47210300429185,,,,
e2,calce,coral,CS2_35,1234,20.317893981933594,23.515515988119418,-1.1911594867706299,20.317893981933594,72.3175965665236,,,,
e2,calce,self_train,CS2_35,1234,20.53388214111328,22.672144209290725,-1.0368084907531738,20.53388214111328,76.1802575107296,,,,
e2,calce,dann,CS2_35,1234,19.804567337036133,21.94343299734534,-0.907981276512146,19.804567337036133,78.32618025751073,,,,
e3,calce,hipif,CS2_35,1234,3.6874096575757744,4.300098983834545,0.9267307333734823,20.377777099609375,78.75536480686695,0.0,19.03955997461392,0.35,14.0
e4,calce,no_gate,CS2_35,1234,4.543581532098437,6.282218869110867,0.8436164509566441,4.905508041381836,13.519313304721031,0.0,100.0,0.35,14.0
e4,calce,no_anchor,CS2_35,1234,3.546768576040659,4.071424836780908,0.9343162737498204,13.557655334472656,80.79399141630901,0.0,18.8914745081447,0.35,14.0
e4,calce,no_projection,CS2_35,1234,3.447252953428778,3.9516492486093853,0.9381240730864748,22.54640769958496,79.50643776824035,0.0,18.510683308652425,0.35,14.0
e4,calce,direct_proj,CS2_35,1234,3.3919180012380905,3.8905269588336164,0.9400234062484283,22.908611297607422,80.47210300429185,0.0,,,
e1,calce,direct,CS2_36,1234,22.798587799072266,25.9071275955847,-1.1531257629394531,22.798587799072266,74.71736896197328,,,,
e2,calce,coral,CS2_36,1234,21.114412307739258,24.267544092657225,-0.8892197608947754,21.114412307739258,70.91469681397739,,,,
e2,calce,self_train,CS2_36,1234,20.85396385192871,23.156866768101963,-0.7202454805374146,20.85396385192871,72.97019527235355,,,,
e2,calce,dann,CS2_36,1234,20.728809356689453,23.490357064123142,-0.7701501846313477,20.728809356689453,74.61459403905447,,,,
e3,calce,hipif,CS2_36,1234,4.234334690558785,4.878312143315769,0.9236568541516637,22.09579086303711,74.82014388489209,0.0,17.477592829705504,0.35,14.0
e4,calce,no_gate,CS2_36,1234,5.479465912233791,7.071661588703447,0.8395743455423399,6.056854248046875,36.99897225077081,0.0,100.0,0.35,14.0
e4,calce,no_anchor,CS2_36,1234,4.099597515338779,4.710893103240164,0.9288069859396304,22.66056251525879,75.43679342240493,0.0,17.242851045667948,0.35,14.0
e4,calce,no_projection,CS2_36,1234,4.173240844991931,4.8085799941494365,0.9258238016792911,23.120410919189453,74.30626927029805,0.0,17.6056338028169,0.35,14.0
e4,calce,direct_proj,CS2_36,1234,4.161225858612394,4.811948895178034,0.9257198292763599,22.798587799072266,74.71736896197328,0.0,,,
e1,calce,direct,CS2_37,1234,22.346210479736328,25.012731133364866,-1.5049254894256592,22.346210479736328,78.01350048216008,,,,
e2,calce,coral,CS2_37,1234,20.523855209350586,23.526000877436783,-1.2159950733184814,20.523855209350586,72.70973963355834,,,,
e2,calce,self_train,CS2_37,1234,20.196130752563477,22.222855715729008,-0.9772989749908447,20.196130752563477,76.08486017357762,,,,
e2,calce,dann,CS2_37,1234,18.134563446044922,19.857185104968146,-0.5787303447723389,18.134563446044922,76.66345226615236,,,,
e3,calce,hipif,CS2_37,1234,4.027538933406647,4.472184442107037,0.9199222333846359,19.796161651611328,76.85631629701061,0.0,19.03937689311986,0.35,14.0
e4,calce,no_gate,CS2_37,1234,5.205035863250954,7.089145394187631,0.7987850216256334,5.494902610778809,21.11861137897782,0.0,100.0,0.35,14.0
e4,calce,no_anchor,CS2_37,1234,3.9349788641912693,4.32151772442921,0.9252269430432293,17.98733139038086,78.49566055930569,0.0,18.347035915188233,0.35,14.0
e4,calce,no_projection,CS2_37,1234,3.858901427399171,4.204035832689817,0.929237143270207,22.10603904724121,78.49566055930569,0.0,18.17395067070532,0.35,14.0
e4,calce,direct_proj,CS2_37,1234,3.78732355776697,4.146413254275031,0.9311636700894946,22.346210479736328,78.01350048216008,0.0,,,
e1,calce,direct,CS2_38,1234,22.544057846069336,25.039798643624938,-1.492457628250122,22.544057846069336,80.20446096654274,,,,
e2,calce,coral,CS2_38,1234,20.519563674926758,23.348071575379894,-1.167046070098877,20.519563674926758,74.81412639405205,,,,
e2,calce,self_train,CS2_38,1234,20.189130783081055,22.137072012246573,-0.9480786323547363,20.189130783081055,78.06691449814126,,,,
e2,calce,dann,CS2_38,1234,20.046131134033203,22.169375987822775,-0.9537683725357056,20.046131134033203,79.46096654275094,,,,
e3,calce,hipif,CS2_38,1234,4.083219493746868,4.501318116593967,0.9194537079554455,20.188249588012695,79.73977695167285,0.0,18.874099934540695,0.35,14.0
e4,calce,no_gate,CS2_38,1234,5.610851758708339,7.2548974412719085,0.7907677167052898,6.877069473266602,40.89219330855018,0.0,100.0,0.35,14.0
e4,calce,no_anchor,CS2_38,1234,4.179426944443613,4.661582208490876,0.9136160945720758,14.587282180786133,79.64684014869889,0.0,19.20139646519747,0.35,14.0
e4,calce,no_projection,CS2_38,1234,3.918843328269315,4.2762567401604015,0.9273068174371433,22.35115623474121,79.46096654275094,0.0,18.45952432904211,0.35,14.0
e4,calce,direct_proj,CS2_38,1234,3.87493144447791,4.22998265825824,0.9288715551566206,22.544057846069336,80.20446096654274,0.0,,,
e1,calce,direct,CS2_33,2718,25.049560546875,29.24224489875478,-1.4988517761230469,25.049560546875,79.79214780600462,,,,
e2,calce,coral,CS2_33,2718,25.554826736450195,30.320554060490984,-1.686540126800537,25.554826736450195,80.4849884526559,,,,
e2,calce,self_train,CS2_33,2718,26.5206356048584,30.02076816132615,-1.6336779594421387,26.5206356048584,79.56120092378754,,,,
e2,calce,dann,CS2_33,2718,27.18894386291504,31.223522963151815,-1.8489372730255127,27.18894386291504,80.60046189376443,,,,
e3,calce,hipif,CS2_33,2718,3.6910015641889093,4.497412896649971,0.9408922329477517,23.56304359436035,79.44572748267899,0.0,16.89964531608596,0.35,14.0
e4,calce,no_gate,CS2_33,2718,5.4774282316218335,6.687696586194956,0.8693010333267454,5.493826389312744,14.780600461893764,0.0,100.0,0.35,14.0
e4,calce,no_anchor,CS2_33,2718,3.590667907129681,4.448871338076485,0.9421612733237714,15.132064819335938,79.90762124711316,0.0,16.46150636344669,0.35,14.0
e4,calce,no_projection,CS2_33,2718,3.6089226319913985,4.4501395744777525,0.9421282925390435,25.44625473022461,79.79214780600462,0.0,16.419778844147714,0.35,14.0
e4,calce,direct_proj,CS2_33,2718,3.5896419397653307,4.440986111933974,0.9423661195564954,25.049560546875,79.79214780600462,0.0,,,
e1,calce,direct,CS2_34,2718,28.116416931152344,30.664917384580136,-3.7415194511413574,28.116416931152344,93.41935483870968,,,,
e2,calce,coral,CS2_34,2718,25.182096481323242,28.164568520072788,-2.99981689453125,25.182096481323242,94.70967741935485,,,,
e2,calce,self_train,CS2_34,2718,27.134328842163086,29.653567161644418,-3.4339194297790527,27.134328842163086,93.54838709677419,,,,
e2,calce,dann,CS2_34,2718,28.017372131347656,30.383569834994187,-3.6549124717712402,28.017372131347656,93.80645161290323,,,,
e3,calce,hipif,CS2_34,2718,3.4162444217207595,4.027245039350315,0.9182194518618653,27.853986740112305,90.45161290322581,0.0,19.266994266994267,0.35,14.0
e4,calce,no_gate,CS2_34,2718,3.67936581033036,4.3783699166195404,0.9033373251132936,7.257617950439453,78.58064516129032,0.0,100.0,0.35,14.0
e4,calce,no_anchor,CS2_34,2718,3.396573339193327,4.0120943000873845,0.9188336211442518,20.10274314880371,94.58064516129032,0.0,18.652743652743652,0.35,14.0
e4,calce,no_projection,CS2_34,2718,3.4231879528315696,4.035715018822708,0.9178750933892578,29.566255569458008,94.3225806451613,0.0,18.693693693693696,0.35,14.0
e4,calce,direct_proj,CS2_34,2718,3.413831682212724,4.028538693979447,0.9181669033947117,28.116416931152344,93.41935483870968,0.0,,,
e1,calce,direct,CS2_35,2718,23.550214767456055,26.95609245439992,-1.879246473312378,23.550214767456055,82.18884120171673,,,,
e2,calce,coral,CS2_35,2718,19.127737045288086,22.52295446390644,-1.0100908279418945,19.127737045288086,67.06008583690986,,,,
e2,calce,self_train,CS2_35,2718,22.49895477294922,25.220448943701914,-1.5204064846038818,22.49895477294922,81.11587982832617,,,,
e2,calce,dann,CS2_35,2718,23.959857940673828,26.793367117336615,-1.8445892333984375,23.959857940673828,81.22317596566523,,,,
e3,calce,hipif,CS2_35,2718,2.8966775497328756,3.2209773735134726,0.9588906805518417,21.76409339904785,79.72103004291846,0.0,17.304844510260207,0.35,14.0
e4,calce,no_gate,CS2_35,2718,2.9789001760340605,3.6374002472233604,0.9475739517183172,3.297879934310913,11.373390557939913,0.0,100.0,0.35,14.0
e4,calce,no_anchor,CS2_35,2718,2.7932775221802877,3.1278942177243265,0.9612323876978258,16.301179885864258,80.36480686695279,0.0,17.09329384387561,0.35,14.0
e4,calce,no_projection,CS2_35,2718,2.8764772794590003,3.205397241633154,0.9592874170056661,24.180593490600586,82.93991416309014,0.0,17.00867357732177,0.35,14.0
e4,calce,direct_proj,CS2_35,2718,2.8309880913884853,3.171288977930877,0.9601492430179628,23.550214767456055,82.18884120171673,0.0,,,
e1,calce,direct,CS2_36,2718,22.836820602416992,27.010195467261756,-1.3403797149658203,22.836820602416992,76.2589928057554,,,,
e2,calce,coral,CS2_36,2718,20.36994171142578,23.743021692732423,-0.8084346055984497,20.36994171142578,72.97019527235355,,,,
e2,calce,self_train,CS2_36,2718,23.251493453979492,26.404026348681654,-1.2365117073059082,23.251493453979492,75.23124357656732,,,,
e2,calce,dann,CS2_36,2718,22.6602840423584,25.65415881017759,-1.1112828254699707,22.6602840423584,74.82014388489209,,,,
e3,calce,hipif,CS2_36,2718,3.371195357863259,4.016404509402628,0.948250545922456,22.431455612182617,76.2589928057554,0.0,16.13316261203585,0.35,14.0
e4,calce,no_gate,CS2_36,2718,4.4744865212149,5.509392360377937,0.9026270594153004,5.103879928588867,38.1294964028777,0.0,100.0,0.35,14.0
e4,calce,no_anchor,CS2_36,2718,3.411385090273572,4.043762905477981,0.9475431450749964,11.632115364074707,75.95066803699896,0.0,16.53862569355527,0.35,14.0
e4,calce,no_projection,CS2_36,2718,3.3318398315589715,3.9920295782662065,0.948876758640353,23.115476608276367,76.67009249743063,0.0,16.111822449850617,0.35,14.0
e4,calce,direct_proj,CS2_36,2718,3.2412478050995595,3.9418627349982835,0.950153591221661,22.836820602416992,76.2589928057554,0.0,,,
e1,calce,direct,CS2_37,2718,22.904285430908203,26.316865173840995,-1.7729427814483643,22.904285430908203,81.58148505303761,,,,
e2,calce,coral,CS2_37,2718,19.60024642944336,22.726641725970534,-1.067964792251587,19.60024642944336,67.88813886210222,,,,
e2,calce,self_train,CS2_37,2718,22.058582305908203,24.701730224302484,-1.4430220127105713,22.058582305908203,78.9778206364513,,,,
e2,calce,dann,CS2_37,2718,25.318836212158203,28.621996592915103,-2.27998948097229,25.318836212158203,83.12439729990356,,,,
e3,calce,hipif,CS2_37,2718,3.2448557059540413,3.473140097636331,0.9517033349479784,21.397480010986328,81.00289296046287,0.0,17.438338381652965,0.35,14.0
e4,calce,no_gate,CS2_37,2718,3.303327392867651,3.648856093876304,0.946692782927497,3.505739688873291,17.357762777242044,0.0,100.0,0.35,14.0
e4,calce,no_anchor,CS2_37,2718,3.0974251152933445,3.381036517083284,0.9542309116519985,19.214916229248047,82.35294117647058,0.0,16.854175681523152,0.35,14.0
e4,calce,no_projection,CS2_37,2718,3.1567013334167746,3.410796420845128,0.953421646095773,23.671287536621094,82.54580520732884,0.0,16.940718303764605,0.35,14.0
e4,calce,direct_proj,CS2_37,2718,3.1091027626656413,3.380393249987632,0.9542483258074675,22.904285430908203,81.58148505303761,0.0,,,
e1,calce,direct,CS2_38,2718,23.364839553833008,26.730338313012894,-1.8403708934783936,23.364839553833008,81.31970260223048,,,,
e2,calce,coral,CS2_38,2718,19.426822662353516,22.346884340911906,-0.9851809740066528,19.426822662353516,72.86245353159852,,,,
e2,calce,self_train,CS2_38,2718,22.21896743774414,24.718572218071174,-1.4289181232452393,22.21896743774414,80.76208178438662,,,,
e2,calce,dann,CS2_38,2718,23.897409439086914,26.678717497007916,-1.8294107913970947,23.897409439086914,81.04089219330855,,,,
e3,calce,hipif,CS2_38,2718,3.2253922231701297,3.4941440056150856,0.9514658152344685,22.004152297973633,81.31970260223048,0.0,17.063059131573205,0.35,14.0
e4,calce,no_gate,CS2_38,2718,3.713856874795305,4.255958167990546,0.9279953007453179,4.491184711456299,38.56877323420074,0.0,100.0,0.35,14.0
e4,calce,no_anchor,CS2_38,2718,3.16133456583022,3.446967308362538,0.9527675505351728,11.256857872009277,80.48327137546468,0.0,17.215797512546366,0.35,14.0
e4,calce,no_projection,CS2_38,2718,3.2607664449626683,3.515805857735106,0.9508621771419504,23.577299118041992,81.87732342007436,0.0,17.041239362862754,0.35,14.0
e4,calce,direct_proj,CS2_38,2718,3.1636463568846107,3.4535028572087736,0.9525882725812554,23.364839553833008,81.31970260223048,0.0,,,
